[0m15:43:49.241399 [debug] [MainThread]: Sending event: {'category': 'dbt', 'action': 'invocation', 'label': 'start', 'context': [<snowplow_tracker.self_describing_json.SelfDescribingJson object at 0xffff7ad8ad80>, <snowplow_tracker.self_describing_json.SelfDescribingJson object at 0xffff7ad8b770>, <snowplow_tracker.self_describing_json.SelfDescribingJson object at 0xffff7ad8b6e0>]}


============================== 15:43:49.264800 | 473379b3-aab0-40d4-9604-7ba1fc3193bd ==============================
[0m15:43:49.264800 [info ] [MainThread]: Running with dbt=1.12.3
[0m15:43:49.269007 [debug] [MainThread]: running dbt with arguments {'use_experimental_parser': 'False', 'use_colors': 'True', 'introspect': 'True', 'cache_selected_only': 'False', 'log_cache_events': 'False', 'maximum_seed_size_mib': '1', 'version_check': 'True', 'target_path': 'None', 'hints_enabled': 'True', 'partial_parse': 'True', 'write_json': 'True', 'send_anonymous_usage_stats': 'True', 'quiet': 'False', 'fail_fast': 'False', 'profiles_dir': '/opt/airflow/dbt', 'static_parser': 'True', 'empty': 'False', 'warn_error_options': 'WarnErrorOptionsV2(error=[], warn=[], silence=[])', 'debug': 'False', 'indirect_selection': 'eager', 'no_print': 'None', 'printer_width': '80', 'invocation_command': 'dbt run --select staging', 'warn_error': 'None', 'log_path': '/opt/airflow/dbt/logs', 'log_format': 'default'}
[0m15:43:49.554541 [warn ] [MainThread]: [[33mWARNING[0m]: Deprecated functionality
The `target-path` config in `dbt_project.yml` has been deprecated, and will no
longer be supported in a future version of dbt-core. If you wish to write dbt
artifacts to a custom directory, please use the --target-path CLI flag or
DBT_TARGET_PATH env var instead.
[0m15:43:49.560238 [debug] [MainThread]: Sending event: {'category': 'dbt', 'action': 'deprecation', 'label': '473379b3-aab0-40d4-9604-7ba1fc3193bd', 'property_': 'warn', 'context': [<snowplow_tracker.self_describing_json.SelfDescribingJson object at 0xffff7ad0dd90>]}
[0m15:43:49.876039 [debug] [MainThread]: Sending event: {'category': 'dbt', 'action': 'project_id', 'label': '473379b3-aab0-40d4-9604-7ba1fc3193bd', 'context': [<snowplow_tracker.self_describing_json.SelfDescribingJson object at 0xffff7ad82180>]}
[0m15:43:50.047290 [debug] [MainThread]: Sending event: {'category': 'dbt', 'action': 'adapter_info', 'label': '473379b3-aab0-40d4-9604-7ba1fc3193bd', 'context': [<snowplow_tracker.self_describing_json.SelfDescribingJson object at 0xffff7af79be0>]}
[0m15:43:50.051864 [info ] [MainThread]: Registered adapter: postgres=1.9.0
[0m15:43:50.583540 [debug] [MainThread]: checksum: 4b36912b5a065d7176771ed2b61a3a5a7fc50891988c2c27a9a0397379b06a23, vars: {}, profile: shop, target: dev, version: 1.12.3
[0m15:43:50.587405 [info ] [MainThread]: Unable to do partial parsing because saved manifest not found. Starting full parse.
[0m15:43:50.589173 [debug] [MainThread]: Sending event: {'category': 'dbt', 'action': 'partial_parser', 'label': '473379b3-aab0-40d4-9604-7ba1fc3193bd', 'context': [<snowplow_tracker.self_describing_json.SelfDescribingJson object at 0xffff79b20c50>]}
[0m15:43:55.790905 [debug] [MainThread]: Sending event: {'category': 'dbt', 'action': 'load_project', 'label': '473379b3-aab0-40d4-9604-7ba1fc3193bd', 'context': [<snowplow_tracker.self_describing_json.SelfDescribingJson object at 0xffff780d3500>]}
[0m15:43:56.458522 [debug] [MainThread]: Wrote artifact WritableManifest to /tmp/dbt_target/manifest.json
[0m15:43:56.513047 [debug] [MainThread]: Wrote artifact SemanticManifest to /tmp/dbt_target/semantic_manifest.json
[0m15:43:56.710122 [debug] [MainThread]: Wrote artifact OsiDocument to /tmp/dbt_target/osi_document.json
[0m15:43:56.874391 [debug] [MainThread]: Sending event: {'category': 'dbt', 'action': 'resource_counts', 'label': '473379b3-aab0-40d4-9604-7ba1fc3193bd', 'context': [<snowplow_tracker.self_describing_json.SelfDescribingJson object at 0xffff5bfac6e0>]}
[0m15:43:56.876359 [info ] [MainThread]: Found 3 models, 4 data tests, 2 sources, 1 exposure, 475 macros
[0m15:43:56.877989 [debug] [MainThread]: Sending event: {'category': 'dbt', 'action': 'runnable_timing', 'label': '473379b3-aab0-40d4-9604-7ba1fc3193bd', 'context': [<snowplow_tracker.self_describing_json.SelfDescribingJson object at 0xffff780bbe00>]}
[0m15:43:56.898302 [info ] [MainThread]: 
[0m15:43:56.900201 [info ] [MainThread]: Concurrency: 4 threads (target='dev')
[0m15:43:56.901336 [info ] [MainThread]: 
[0m15:43:56.908787 [debug] [MainThread]: Acquiring new postgres connection 'master'
[0m15:43:56.944798 [debug] [ThreadPool]: Acquiring new postgres connection 'list_analytics'
[0m15:43:57.393726 [debug] [ThreadPool]: Using postgres connection "list_analytics"
[0m15:43:57.396146 [debug] [ThreadPool]: On list_analytics: /* {"app": "dbt", "dbt_version": "1.12.3", "profile_name": "shop", "target_name": "dev", "connection_name": "list_analytics"} */

    select distinct nspname from pg_namespace
  
[0m15:43:57.397406 [debug] [ThreadPool]: Opening a new connection, currently in state init
[0m15:43:57.684493 [debug] [ThreadPool]: SQL status: SELECT 7 in 0.287 seconds
[0m15:43:57.691630 [debug] [ThreadPool]: On list_analytics: Close
[0m15:43:57.713544 [debug] [ThreadPool]: Re-using an available connection from the pool (formerly list_analytics, now create_analytics_public_staging)
[0m15:43:57.725248 [debug] [ThreadPool]: Creating schema "database: "analytics"
schema: "public_staging"
"
[0m15:43:57.755796 [debug] [ThreadPool]: Using postgres connection "create_analytics_public_staging"
[0m15:43:57.757291 [debug] [ThreadPool]: On create_analytics_public_staging: BEGIN
[0m15:43:57.759509 [debug] [ThreadPool]: Opening a new connection, currently in state closed
[0m15:43:57.795027 [debug] [ThreadPool]: SQL status: BEGIN in 0.035 seconds
[0m15:43:57.798709 [debug] [ThreadPool]: Using postgres connection "create_analytics_public_staging"
[0m15:43:57.800300 [debug] [ThreadPool]: On create_analytics_public_staging: /* {"app": "dbt", "dbt_version": "1.12.3", "profile_name": "shop", "target_name": "dev", "connection_name": "create_analytics_public_staging"} */
create schema if not exists "public_staging"
[0m15:43:57.817126 [debug] [ThreadPool]: SQL status: CREATE SCHEMA in 0.014 seconds
[0m15:43:57.825299 [debug] [ThreadPool]: On create_analytics_public_staging: COMMIT
[0m15:43:57.867354 [debug] [ThreadPool]: Using postgres connection "create_analytics_public_staging"
[0m15:43:57.874288 [debug] [ThreadPool]: On create_analytics_public_staging: COMMIT
[0m15:43:57.886135 [debug] [ThreadPool]: SQL status: COMMIT in 0.008 seconds
[0m15:43:57.889714 [debug] [ThreadPool]: On create_analytics_public_staging: Close
[0m15:43:57.916115 [debug] [ThreadPool]: Re-using an available connection from the pool (formerly create_analytics_public_staging, now list_analytics_public_staging)
[0m15:43:57.931544 [debug] [ThreadPool]: Acquiring new postgres connection 'list_analytics_public_marts'
[0m15:43:58.027594 [debug] [ThreadPool]: Using postgres connection "list_analytics_public_marts"
[0m15:43:57.973006 [debug] [ThreadPool]: Using postgres connection "list_analytics_public_staging"
[0m15:43:58.068618 [debug] [ThreadPool]: On list_analytics_public_marts: BEGIN
[0m15:43:58.091420 [debug] [ThreadPool]: On list_analytics_public_staging: BEGIN
[0m15:43:58.166850 [debug] [ThreadPool]: Opening a new connection, currently in state init
[0m15:43:58.173382 [debug] [ThreadPool]: Opening a new connection, currently in state closed
[0m15:43:58.334819 [debug] [ThreadPool]: SQL status: BEGIN in 0.167 seconds
[0m15:43:58.349786 [debug] [ThreadPool]: Using postgres connection "list_analytics_public_marts"
[0m15:43:58.359873 [debug] [ThreadPool]: On list_analytics_public_marts: /* {"app": "dbt", "dbt_version": "1.12.3", "profile_name": "shop", "target_name": "dev", "connection_name": "list_analytics_public_marts"} */
select
      'analytics' as database,
      tablename as name,
      schemaname as schema,
      'table' as type
    from pg_tables
    where schemaname ilike 'public_marts'
    union all
    select
      'analytics' as database,
      viewname as name,
      schemaname as schema,
      'view' as type
    from pg_views
    where schemaname ilike 'public_marts'
    union all
    select
      'analytics' as database,
      matviewname as name,
      schemaname as schema,
      'materialized_view' as type
    from pg_matviews
    where schemaname ilike 'public_marts'
  
[0m15:43:58.343823 [debug] [ThreadPool]: SQL status: BEGIN in 0.169 seconds
[0m15:43:58.375575 [debug] [ThreadPool]: Using postgres connection "list_analytics_public_staging"
[0m15:43:58.378781 [debug] [ThreadPool]: On list_analytics_public_staging: /* {"app": "dbt", "dbt_version": "1.12.3", "profile_name": "shop", "target_name": "dev", "connection_name": "list_analytics_public_staging"} */
select
      'analytics' as database,
      tablename as name,
      schemaname as schema,
      'table' as type
    from pg_tables
    where schemaname ilike 'public_staging'
    union all
    select
      'analytics' as database,
      viewname as name,
      schemaname as schema,
      'view' as type
    from pg_views
    where schemaname ilike 'public_staging'
    union all
    select
      'analytics' as database,
      matviewname as name,
      schemaname as schema,
      'materialized_view' as type
    from pg_matviews
    where schemaname ilike 'public_staging'
  
[0m15:43:58.446274 [debug] [ThreadPool]: SQL status: SELECT 0 in 0.079 seconds
[0m15:43:58.449533 [debug] [ThreadPool]: SQL status: SELECT 0 in 0.048 seconds
[0m15:43:58.489316 [debug] [ThreadPool]: On list_analytics_public_staging: ROLLBACK
[0m15:43:58.491265 [debug] [ThreadPool]: On list_analytics_public_marts: ROLLBACK
[0m15:43:58.500370 [debug] [ThreadPool]: On list_analytics_public_marts: Close
[0m15:43:58.498395 [debug] [ThreadPool]: On list_analytics_public_staging: Close
[0m15:43:58.550760 [debug] [MainThread]: Using postgres connection "master"
[0m15:43:58.553275 [debug] [MainThread]: On master: BEGIN
[0m15:43:58.557514 [debug] [MainThread]: Opening a new connection, currently in state init
[0m15:43:58.611890 [debug] [MainThread]: SQL status: BEGIN in 0.056 seconds
[0m15:43:58.613469 [debug] [MainThread]: Using postgres connection "master"
[0m15:43:58.616608 [debug] [MainThread]: On master: /* {"app": "dbt", "dbt_version": "1.12.3", "profile_name": "shop", "target_name": "dev", "connection_name": "master"} */
with relation as (
        select
            pg_rewrite.ev_class as class,
            pg_rewrite.oid as id
        from pg_rewrite
    ),
    class as (
        select
            oid as id,
            relname as name,
            relnamespace as schema,
            relkind as kind
        from pg_class
    ),
    dependency as (
        select distinct
            pg_depend.objid as id,
            pg_depend.refobjid as ref
        from pg_depend
    ),
    schema as (
        select
            pg_namespace.oid as id,
            pg_namespace.nspname as name
        from pg_namespace
        where nspname != 'information_schema' and nspname not like 'pg\_%'
    ),
    referenced as (
        select
            relation.id AS id,
            referenced_class.name ,
            referenced_class.schema ,
            referenced_class.kind
        from relation
        join class as referenced_class on relation.class=referenced_class.id
        where referenced_class.kind in ('r', 'v', 'm')
    ),
    relationships as (
        select
            referenced.name as referenced_name,
            referenced.schema as referenced_schema_id,
            dependent_class.name as dependent_name,
            dependent_class.schema as dependent_schema_id,
            referenced.kind as kind
        from referenced
        join dependency on referenced.id=dependency.id
        join class as dependent_class on dependency.ref=dependent_class.id
        where
            (referenced.name != dependent_class.name or
             referenced.schema != dependent_class.schema)
    )

    select
        referenced_schema.name as referenced_schema,
        relationships.referenced_name as referenced_name,
        dependent_schema.name as dependent_schema,
        relationships.dependent_name as dependent_name
    from relationships
    join schema as dependent_schema on relationships.dependent_schema_id=dependent_schema.id
    join schema as referenced_schema on relationships.referenced_schema_id=referenced_schema.id
    group by referenced_schema, referenced_name, dependent_schema, dependent_name
    order by referenced_schema, referenced_name, dependent_schema, dependent_name;
[0m15:43:58.643763 [debug] [MainThread]: SQL status: SELECT 0 in 0.025 seconds
[0m15:43:58.650515 [debug] [MainThread]: Sending event: {'category': 'dbt', 'action': 'runnable_timing', 'label': '473379b3-aab0-40d4-9604-7ba1fc3193bd', 'context': [<snowplow_tracker.self_describing_json.SelfDescribingJson object at 0xffff780d0320>]}
[0m15:43:58.653644 [debug] [MainThread]: On master: ROLLBACK
[0m15:43:58.655901 [debug] [MainThread]: Using postgres connection "master"
[0m15:43:58.658103 [debug] [MainThread]: On master: BEGIN
[0m15:43:58.662315 [debug] [MainThread]: SQL status: BEGIN in 0.001 seconds
[0m15:43:58.664907 [debug] [MainThread]: On master: COMMIT
[0m15:43:58.667279 [debug] [MainThread]: Using postgres connection "master"
[0m15:43:58.668697 [debug] [MainThread]: On master: COMMIT
[0m15:43:58.670863 [debug] [MainThread]: SQL status: COMMIT in 0.001 seconds
[0m15:43:58.673165 [debug] [MainThread]: On master: Close
[0m15:43:58.716356 [debug] [Thread-1 (]: Began running node model.shop.stg_accounts
[0m15:43:58.720184 [debug] [Thread-2 (]: Began running node model.shop.stg_users
[0m15:43:58.726795 [info ] [Thread-1 (]: 1 of 2 START sql view model public_staging.stg_accounts ........................ [RUN]
[0m15:43:58.730383 [info ] [Thread-2 (]: 2 of 2 START sql view model public_staging.stg_users ........................... [RUN]
[0m15:43:58.734766 [debug] [Thread-1 (]: Re-using an available connection from the pool (formerly list_analytics_public_marts, now model.shop.stg_accounts)
[0m15:43:58.737941 [debug] [Thread-2 (]: Re-using an available connection from the pool (formerly list_analytics_public_staging, now model.shop.stg_users)
[0m15:43:58.742452 [debug] [Thread-1 (]: Began compiling node model.shop.stg_accounts
[0m15:43:58.747459 [debug] [Thread-2 (]: Began compiling node model.shop.stg_users
[0m15:43:58.797169 [debug] [Thread-1 (]: Writing injected SQL for node "model.shop.stg_accounts"
[0m15:43:58.801388 [debug] [Thread-2 (]: Writing injected SQL for node "model.shop.stg_users"
[0m15:43:58.809262 [debug] [Thread-2 (]: Began executing node model.shop.stg_users
[0m15:43:58.812675 [debug] [Thread-1 (]: Began executing node model.shop.stg_accounts
[0m15:43:59.091140 [debug] [Thread-1 (]: Writing runtime sql for node "model.shop.stg_accounts"
[0m15:43:59.103850 [debug] [Thread-2 (]: Writing runtime sql for node "model.shop.stg_users"
[0m15:43:59.112162 [debug] [Thread-1 (]: Using postgres connection "model.shop.stg_accounts"
[0m15:43:59.116541 [debug] [Thread-2 (]: Using postgres connection "model.shop.stg_users"
[0m15:43:59.118139 [debug] [Thread-1 (]: On model.shop.stg_accounts: BEGIN
[0m15:43:59.120406 [debug] [Thread-2 (]: On model.shop.stg_users: BEGIN
[0m15:43:59.124740 [debug] [Thread-1 (]: Opening a new connection, currently in state closed
[0m15:43:59.129912 [debug] [Thread-2 (]: Opening a new connection, currently in state closed
[0m15:43:59.193512 [debug] [Thread-2 (]: SQL status: BEGIN in 0.063 seconds
[0m15:43:59.195329 [debug] [Thread-1 (]: SQL status: BEGIN in 0.071 seconds
[0m15:43:59.197147 [debug] [Thread-2 (]: Using postgres connection "model.shop.stg_users"
[0m15:43:59.199157 [debug] [Thread-1 (]: Using postgres connection "model.shop.stg_accounts"
[0m15:43:59.200897 [debug] [Thread-2 (]: On model.shop.stg_users: /* {"app": "dbt", "dbt_version": "1.12.3", "profile_name": "shop", "target_name": "dev", "node_id": "model.shop.stg_users"} */

  create view "analytics"."public_staging"."stg_users__dbt_tmp"
    
    
  as (
    SELECT
    id AS user_id,
    account_id
FROM "analytics"."raw"."app_users"
  );
[0m15:43:59.202546 [debug] [Thread-1 (]: On model.shop.stg_accounts: /* {"app": "dbt", "dbt_version": "1.12.3", "profile_name": "shop", "target_name": "dev", "node_id": "model.shop.stg_accounts"} */

  create view "analytics"."public_staging"."stg_accounts__dbt_tmp"
    
    
  as (
    SELECT
    id AS customer_id,
    name
FROM "analytics"."raw"."salesforce_account"
  );
[0m15:43:59.213696 [debug] [Thread-2 (]: SQL status: CREATE VIEW in 0.010 seconds
[0m15:43:59.217333 [debug] [Thread-1 (]: SQL status: CREATE VIEW in 0.011 seconds
[0m15:43:59.258732 [debug] [Thread-1 (]: Using postgres connection "model.shop.stg_accounts"
[0m15:43:59.260710 [debug] [Thread-2 (]: Using postgres connection "model.shop.stg_users"
[0m15:43:59.261848 [debug] [Thread-1 (]: On model.shop.stg_accounts: /* {"app": "dbt", "dbt_version": "1.12.3", "profile_name": "shop", "target_name": "dev", "node_id": "model.shop.stg_accounts"} */
alter table "analytics"."public_staging"."stg_accounts__dbt_tmp" rename to "stg_accounts"
[0m15:43:59.263739 [debug] [Thread-2 (]: On model.shop.stg_users: /* {"app": "dbt", "dbt_version": "1.12.3", "profile_name": "shop", "target_name": "dev", "node_id": "model.shop.stg_users"} */
alter table "analytics"."public_staging"."stg_users__dbt_tmp" rename to "stg_users"
[0m15:43:59.267040 [debug] [Thread-1 (]: SQL status: ALTER TABLE in 0.001 seconds
[0m15:43:59.268640 [debug] [Thread-2 (]: SQL status: ALTER TABLE in 0.003 seconds
[0m15:43:59.369993 [debug] [Thread-1 (]: On model.shop.stg_accounts: COMMIT
[0m15:43:59.372468 [debug] [Thread-2 (]: On model.shop.stg_users: COMMIT
[0m15:43:59.373964 [debug] [Thread-1 (]: Using postgres connection "model.shop.stg_accounts"
[0m15:43:59.376666 [debug] [Thread-2 (]: Using postgres connection "model.shop.stg_users"
[0m15:43:59.378695 [debug] [Thread-1 (]: On model.shop.stg_accounts: COMMIT
[0m15:43:59.380466 [debug] [Thread-2 (]: On model.shop.stg_users: COMMIT
[0m15:43:59.403272 [debug] [Thread-1 (]: SQL status: COMMIT in 0.003 seconds
[0m15:43:59.404917 [debug] [Thread-2 (]: SQL status: COMMIT in 0.005 seconds
[0m15:43:59.433434 [debug] [Thread-1 (]: Applying DROP to: "analytics"."public_staging"."stg_accounts__dbt_backup"
[0m15:43:59.435020 [debug] [Thread-2 (]: Applying DROP to: "analytics"."public_staging"."stg_users__dbt_backup"
[0m15:43:59.489350 [debug] [Thread-1 (]: Using postgres connection "model.shop.stg_accounts"
[0m15:43:59.494361 [debug] [Thread-2 (]: Using postgres connection "model.shop.stg_users"
[0m15:43:59.497307 [debug] [Thread-1 (]: On model.shop.stg_accounts: /* {"app": "dbt", "dbt_version": "1.12.3", "profile_name": "shop", "target_name": "dev", "node_id": "model.shop.stg_accounts"} */
drop view if exists "analytics"."public_staging"."stg_accounts__dbt_backup" cascade
[0m15:43:59.501441 [debug] [Thread-2 (]: On model.shop.stg_users: /* {"app": "dbt", "dbt_version": "1.12.3", "profile_name": "shop", "target_name": "dev", "node_id": "model.shop.stg_users"} */
drop view if exists "analytics"."public_staging"."stg_users__dbt_backup" cascade
[0m15:43:59.507195 [debug] [Thread-1 (]: SQL status: DROP VIEW in 0.003 seconds
[0m15:43:59.509197 [debug] [Thread-2 (]: SQL status: DROP VIEW in 0.004 seconds
[0m15:43:59.547413 [debug] [Thread-2 (]: On model.shop.stg_users: Close
[0m15:43:59.553131 [debug] [Thread-1 (]: On model.shop.stg_accounts: Close
[0m15:43:59.592734 [debug] [Thread-2 (]: Sending event: {'category': 'dbt', 'action': 'run_model', 'label': '473379b3-aab0-40d4-9604-7ba1fc3193bd', 'context': [<snowplow_tracker.self_describing_json.SelfDescribingJson object at 0xffff5b4ea450>]}
[0m15:43:59.595708 [debug] [Thread-1 (]: Sending event: {'category': 'dbt', 'action': 'run_model', 'label': '473379b3-aab0-40d4-9604-7ba1fc3193bd', 'context': [<snowplow_tracker.self_describing_json.SelfDescribingJson object at 0xffff5bfac800>]}
[0m15:43:59.598631 [info ] [Thread-2 (]: 2 of 2 OK created sql view model public_staging.stg_users ...................... [[32mCREATE VIEW[0m in 0.82s]
[0m15:43:59.601455 [info ] [Thread-1 (]: 1 of 2 OK created sql view model public_staging.stg_accounts ................... [[32mCREATE VIEW[0m in 0.83s]
[0m15:43:59.603936 [debug] [Thread-2 (]: Finished running node model.shop.stg_users
[0m15:43:59.608535 [debug] [Thread-1 (]: Finished running node model.shop.stg_accounts
[0m15:43:59.622731 [debug] [MainThread]: Using postgres connection "master"
[0m15:43:59.625020 [debug] [MainThread]: On master: BEGIN
[0m15:43:59.628147 [debug] [MainThread]: Opening a new connection, currently in state closed
[0m15:44:00.090671 [debug] [MainThread]: SQL status: BEGIN in 0.460 seconds
[0m15:44:00.103811 [debug] [MainThread]: On master: COMMIT
[0m15:44:00.160994 [debug] [MainThread]: Using postgres connection "master"
[0m15:44:00.167883 [debug] [MainThread]: On master: COMMIT
[0m15:44:00.171041 [debug] [MainThread]: SQL status: COMMIT in 0.001 seconds
[0m15:44:00.178436 [debug] [MainThread]: On master: Close
[0m15:44:00.250385 [debug] [MainThread]: Connection 'master' was properly closed.
[0m15:44:00.258594 [debug] [MainThread]: Connection 'model.shop.stg_users' was properly closed.
[0m15:44:00.262439 [debug] [MainThread]: Connection 'model.shop.stg_accounts' was properly closed.
[0m15:44:00.303427 [info ] [MainThread]: 
[0m15:44:00.326802 [info ] [MainThread]: Finished running 2 view models in 0 hours 0 minutes and 3.37 seconds (3.37s).
[0m15:44:00.377382 [debug] [MainThread]: Command end result
[0m15:44:01.001054 [debug] [MainThread]: Wrote artifact WritableManifest to /tmp/dbt_target/manifest.json
[0m15:44:01.050681 [debug] [MainThread]: Wrote artifact SemanticManifest to /tmp/dbt_target/semantic_manifest.json
[0m15:44:01.069798 [debug] [MainThread]: Wrote artifact OsiDocument to /tmp/dbt_target/osi_document.json
[0m15:44:01.130891 [debug] [MainThread]: Wrote artifact RunExecutionResult to /tmp/dbt_target/run_results.json
[0m15:44:01.143912 [info ] [MainThread]: 
[0m15:44:01.148966 [info ] [MainThread]: [32mCompleted successfully[0m
[0m15:44:01.152343 [info ] [MainThread]: 
[0m15:44:01.155000 [info ] [MainThread]: Done. PASS=2 WARN=0 ERROR=0 SKIP=0 NO-OP=0 REUSED=0 TOTAL=2
[0m15:44:01.170256 [warn ] [MainThread]: [[33mWARNING[0m][DeprecationsSummary]: Deprecated functionality
Summary of encountered deprecations:
- ConfigTargetPathDeprecation: 1 occurrence
To see all deprecation instances instead of just the first occurrence of each,
run command again with the `--show-all-deprecations` flag. You may also need to
run with `--no-partial-parse` as some deprecations are only encountered during
parsing.
[0m15:44:01.205957 [debug] [MainThread]: Resource report: {"command_name": "run", "command_success": true, "command_wall_clock_time": 12.1988325, "process_in_blocks": "832", "process_kernel_time": 3.125856, "process_mem_max_rss": "147984", "process_out_blocks": "3322", "process_user_time": 15.820616}
[0m15:44:01.212488 [debug] [MainThread]: Command `dbt run` succeeded at 15:44:01.211966 after 12.21 seconds
[0m15:44:01.217637 [debug] [MainThread]: Sending event: {'category': 'dbt', 'action': 'invocation', 'label': 'end', 'context': [<snowplow_tracker.self_describing_json.SelfDescribingJson object at 0xffff7bd10500>, <snowplow_tracker.self_describing_json.SelfDescribingJson object at 0xffff782f3170>, <snowplow_tracker.self_describing_json.SelfDescribingJson object at 0xffff5b43f8f0>]}
[0m15:44:01.219780 [debug] [MainThread]: Flushing usage events
[0m15:44:02.929273 [debug] [MainThread]: An error was encountered while trying to flush usage events
[0m15:44:23.528919 [debug] [MainThread]: Sending event: {'category': 'dbt', 'action': 'invocation', 'label': 'start', 'context': [<snowplow_tracker.self_describing_json.SelfDescribingJson object at 0xffff98576690>, <snowplow_tracker.self_describing_json.SelfDescribingJson object at 0xffff98575e50>, <snowplow_tracker.self_describing_json.SelfDescribingJson object at 0xffff98576a20>]}


============================== 15:44:23.591134 | 8fd73637-514a-4e8e-959c-fd3824300c49 ==============================
[0m15:44:23.591134 [info ] [MainThread]: Running with dbt=1.12.3
[0m15:44:23.593744 [debug] [MainThread]: running dbt with arguments {'quiet': 'False', 'log_cache_events': 'False', 'introspect': 'True', 'partial_parse': 'True', 'use_experimental_parser': 'False', 'printer_width': '80', 'log_path': '/opt/airflow/dbt/logs', 'send_anonymous_usage_stats': 'True', 'use_colors': 'True', 'empty': 'False', 'cache_selected_only': 'False', 'profiles_dir': '/opt/airflow/dbt', 'fail_fast': 'False', 'no_print': 'None', 'warn_error': 'None', 'write_json': 'True', 'warn_error_options': 'WarnErrorOptionsV2(error=[], warn=[], silence=[])', 'debug': 'False', 'invocation_command': 'dbt run --select marts', 'target_path': 'None', 'static_parser': 'True', 'indirect_selection': 'eager', 'maximum_seed_size_mib': '1', 'log_format': 'default', 'hints_enabled': 'True', 'version_check': 'True'}
[0m15:44:23.806806 [warn ] [MainThread]: [[33mWARNING[0m]: Deprecated functionality
The `target-path` config in `dbt_project.yml` has been deprecated, and will no
longer be supported in a future version of dbt-core. If you wish to write dbt
artifacts to a custom directory, please use the --target-path CLI flag or
DBT_TARGET_PATH env var instead.
[0m15:44:23.809356 [debug] [MainThread]: Sending event: {'category': 'dbt', 'action': 'deprecation', 'label': '8fd73637-514a-4e8e-959c-fd3824300c49', 'property_': 'warn', 'context': [<snowplow_tracker.self_describing_json.SelfDescribingJson object at 0xffff984c5fd0>]}
[0m15:44:24.538437 [debug] [MainThread]: Sending event: {'category': 'dbt', 'action': 'project_id', 'label': '8fd73637-514a-4e8e-959c-fd3824300c49', 'context': [<snowplow_tracker.self_describing_json.SelfDescribingJson object at 0xffff985661e0>]}
[0m15:44:25.044703 [debug] [MainThread]: Sending event: {'category': 'dbt', 'action': 'adapter_info', 'label': '8fd73637-514a-4e8e-959c-fd3824300c49', 'context': [<snowplow_tracker.self_describing_json.SelfDescribingJson object at 0xffff989f8ef0>]}
[0m15:44:25.070961 [info ] [MainThread]: Registered adapter: postgres=1.9.0
[0m15:44:25.753953 [debug] [MainThread]: checksum: 4b36912b5a065d7176771ed2b61a3a5a7fc50891988c2c27a9a0397379b06a23, vars: {}, profile: shop, target: dev, version: 1.12.3
[0m15:44:26.545685 [debug] [MainThread]: Partial parsing enabled: 0 files deleted, 0 files added, 0 files changed.
[0m15:44:26.547559 [debug] [MainThread]: Nothing changed, skipping partial parsing.
[0m15:44:26.548338 [debug] [MainThread]: Partial parsing enabled, no changes found, skipping parsing
[0m15:44:26.578189 [debug] [MainThread]: Sending event: {'category': 'dbt', 'action': 'load_project', 'label': '8fd73637-514a-4e8e-959c-fd3824300c49', 'context': [<snowplow_tracker.self_describing_json.SelfDescribingJson object at 0xffff985808c0>]}
[0m15:44:27.022318 [debug] [MainThread]: Wrote artifact WritableManifest to /tmp/dbt_target/manifest.json
[0m15:44:27.041522 [debug] [MainThread]: Wrote artifact SemanticManifest to /tmp/dbt_target/semantic_manifest.json
[0m15:44:27.098750 [debug] [MainThread]: Wrote artifact OsiDocument to /tmp/dbt_target/osi_document.json
[0m15:44:27.201195 [debug] [MainThread]: Sending event: {'category': 'dbt', 'action': 'resource_counts', 'label': '8fd73637-514a-4e8e-959c-fd3824300c49', 'context': [<snowplow_tracker.self_describing_json.SelfDescribingJson object at 0xffff96db5b20>]}
[0m15:44:27.202994 [info ] [MainThread]: Found 3 models, 4 data tests, 2 sources, 1 exposure, 475 macros
[0m15:44:27.205539 [debug] [MainThread]: Sending event: {'category': 'dbt', 'action': 'runnable_timing', 'label': '8fd73637-514a-4e8e-959c-fd3824300c49', 'context': [<snowplow_tracker.self_describing_json.SelfDescribingJson object at 0xffff96fb1310>]}
[0m15:44:27.222117 [info ] [MainThread]: 
[0m15:44:27.225997 [info ] [MainThread]: Concurrency: 4 threads (target='dev')
[0m15:44:27.227588 [info ] [MainThread]: 
[0m15:44:27.230171 [debug] [MainThread]: Acquiring new postgres connection 'master'
[0m15:44:27.238079 [debug] [ThreadPool]: Acquiring new postgres connection 'list_analytics'
[0m15:44:27.356098 [debug] [ThreadPool]: Using postgres connection "list_analytics"
[0m15:44:27.360765 [debug] [ThreadPool]: On list_analytics: /* {"app": "dbt", "dbt_version": "1.12.3", "profile_name": "shop", "target_name": "dev", "connection_name": "list_analytics"} */

    select distinct nspname from pg_namespace
  
[0m15:44:27.363342 [debug] [ThreadPool]: Opening a new connection, currently in state init
[0m15:44:27.504153 [debug] [ThreadPool]: SQL status: SELECT 8 in 0.141 seconds
[0m15:44:27.514131 [debug] [ThreadPool]: On list_analytics: Close
[0m15:44:27.518686 [debug] [ThreadPool]: Re-using an available connection from the pool (formerly list_analytics, now create_analytics_public_marts)
[0m15:44:27.521362 [debug] [ThreadPool]: Creating schema "database: "analytics"
schema: "public_marts"
"
[0m15:44:27.547041 [debug] [ThreadPool]: Using postgres connection "create_analytics_public_marts"
[0m15:44:27.548735 [debug] [ThreadPool]: On create_analytics_public_marts: BEGIN
[0m15:44:27.550089 [debug] [ThreadPool]: Opening a new connection, currently in state closed
[0m15:44:27.586528 [debug] [ThreadPool]: SQL status: BEGIN in 0.036 seconds
[0m15:44:27.589035 [debug] [ThreadPool]: Using postgres connection "create_analytics_public_marts"
[0m15:44:27.592466 [debug] [ThreadPool]: On create_analytics_public_marts: /* {"app": "dbt", "dbt_version": "1.12.3", "profile_name": "shop", "target_name": "dev", "connection_name": "create_analytics_public_marts"} */
create schema if not exists "public_marts"
[0m15:44:27.597049 [debug] [ThreadPool]: SQL status: CREATE SCHEMA in 0.003 seconds
[0m15:44:27.600795 [debug] [ThreadPool]: On create_analytics_public_marts: COMMIT
[0m15:44:27.602436 [debug] [ThreadPool]: Using postgres connection "create_analytics_public_marts"
[0m15:44:27.604161 [debug] [ThreadPool]: On create_analytics_public_marts: COMMIT
[0m15:44:27.610047 [debug] [ThreadPool]: SQL status: COMMIT in 0.002 seconds
[0m15:44:27.611255 [debug] [ThreadPool]: On create_analytics_public_marts: Close
[0m15:44:27.627894 [debug] [ThreadPool]: Re-using an available connection from the pool (formerly create_analytics_public_marts, now list_analytics_public_marts)
[0m15:44:27.636610 [debug] [ThreadPool]: Acquiring new postgres connection 'list_analytics_public_staging'
[0m15:44:27.663994 [debug] [ThreadPool]: Using postgres connection "list_analytics_public_staging"
[0m15:44:27.664833 [debug] [ThreadPool]: Using postgres connection "list_analytics_public_marts"
[0m15:44:27.665644 [debug] [ThreadPool]: On list_analytics_public_staging: BEGIN
[0m15:44:27.666509 [debug] [ThreadPool]: On list_analytics_public_marts: BEGIN
[0m15:44:27.667427 [debug] [ThreadPool]: Opening a new connection, currently in state init
[0m15:44:27.668227 [debug] [ThreadPool]: Opening a new connection, currently in state closed
[0m15:44:27.687292 [debug] [ThreadPool]: SQL status: BEGIN in 0.019 seconds
[0m15:44:27.688500 [debug] [ThreadPool]: Using postgres connection "list_analytics_public_marts"
[0m15:44:27.689987 [debug] [ThreadPool]: SQL status: BEGIN in 0.022 seconds
[0m15:44:27.691177 [debug] [ThreadPool]: On list_analytics_public_marts: /* {"app": "dbt", "dbt_version": "1.12.3", "profile_name": "shop", "target_name": "dev", "connection_name": "list_analytics_public_marts"} */
select
      'analytics' as database,
      tablename as name,
      schemaname as schema,
      'table' as type
    from pg_tables
    where schemaname ilike 'public_marts'
    union all
    select
      'analytics' as database,
      viewname as name,
      schemaname as schema,
      'view' as type
    from pg_views
    where schemaname ilike 'public_marts'
    union all
    select
      'analytics' as database,
      matviewname as name,
      schemaname as schema,
      'materialized_view' as type
    from pg_matviews
    where schemaname ilike 'public_marts'
  
[0m15:44:27.692182 [debug] [ThreadPool]: Using postgres connection "list_analytics_public_staging"
[0m15:44:27.693801 [debug] [ThreadPool]: On list_analytics_public_staging: /* {"app": "dbt", "dbt_version": "1.12.3", "profile_name": "shop", "target_name": "dev", "connection_name": "list_analytics_public_staging"} */
select
      'analytics' as database,
      tablename as name,
      schemaname as schema,
      'table' as type
    from pg_tables
    where schemaname ilike 'public_staging'
    union all
    select
      'analytics' as database,
      viewname as name,
      schemaname as schema,
      'view' as type
    from pg_views
    where schemaname ilike 'public_staging'
    union all
    select
      'analytics' as database,
      matviewname as name,
      schemaname as schema,
      'materialized_view' as type
    from pg_matviews
    where schemaname ilike 'public_staging'
  
[0m15:44:27.714652 [debug] [ThreadPool]: SQL status: SELECT 2 in 0.018 seconds
[0m15:44:27.716326 [debug] [ThreadPool]: SQL status: SELECT 0 in 0.023 seconds
[0m15:44:27.722439 [debug] [ThreadPool]: On list_analytics_public_staging: ROLLBACK
[0m15:44:27.729294 [debug] [ThreadPool]: On list_analytics_public_marts: ROLLBACK
[0m15:44:27.731574 [debug] [ThreadPool]: On list_analytics_public_staging: Close
[0m15:44:27.732871 [debug] [ThreadPool]: On list_analytics_public_marts: Close
[0m15:44:27.745720 [debug] [MainThread]: Using postgres connection "master"
[0m15:44:27.750130 [debug] [MainThread]: On master: BEGIN
[0m15:44:27.752164 [debug] [MainThread]: Opening a new connection, currently in state init
[0m15:44:27.769785 [debug] [MainThread]: SQL status: BEGIN in 0.018 seconds
[0m15:44:27.770694 [debug] [MainThread]: Using postgres connection "master"
[0m15:44:27.771544 [debug] [MainThread]: On master: /* {"app": "dbt", "dbt_version": "1.12.3", "profile_name": "shop", "target_name": "dev", "connection_name": "master"} */
with relation as (
        select
            pg_rewrite.ev_class as class,
            pg_rewrite.oid as id
        from pg_rewrite
    ),
    class as (
        select
            oid as id,
            relname as name,
            relnamespace as schema,
            relkind as kind
        from pg_class
    ),
    dependency as (
        select distinct
            pg_depend.objid as id,
            pg_depend.refobjid as ref
        from pg_depend
    ),
    schema as (
        select
            pg_namespace.oid as id,
            pg_namespace.nspname as name
        from pg_namespace
        where nspname != 'information_schema' and nspname not like 'pg\_%'
    ),
    referenced as (
        select
            relation.id AS id,
            referenced_class.name ,
            referenced_class.schema ,
            referenced_class.kind
        from relation
        join class as referenced_class on relation.class=referenced_class.id
        where referenced_class.kind in ('r', 'v', 'm')
    ),
    relationships as (
        select
            referenced.name as referenced_name,
            referenced.schema as referenced_schema_id,
            dependent_class.name as dependent_name,
            dependent_class.schema as dependent_schema_id,
            referenced.kind as kind
        from referenced
        join dependency on referenced.id=dependency.id
        join class as dependent_class on dependency.ref=dependent_class.id
        where
            (referenced.name != dependent_class.name or
             referenced.schema != dependent_class.schema)
    )

    select
        referenced_schema.name as referenced_schema,
        relationships.referenced_name as referenced_name,
        dependent_schema.name as dependent_schema,
        relationships.dependent_name as dependent_name
    from relationships
    join schema as dependent_schema on relationships.dependent_schema_id=dependent_schema.id
    join schema as referenced_schema on relationships.referenced_schema_id=referenced_schema.id
    group by referenced_schema, referenced_name, dependent_schema, dependent_name
    order by referenced_schema, referenced_name, dependent_schema, dependent_name;
[0m15:44:27.787482 [debug] [MainThread]: SQL status: SELECT 2 in 0.011 seconds
[0m15:44:27.791238 [debug] [MainThread]: Sending event: {'category': 'dbt', 'action': 'runnable_timing', 'label': '8fd73637-514a-4e8e-959c-fd3824300c49', 'context': [<snowplow_tracker.self_describing_json.SelfDescribingJson object at 0xffff96ff0b60>]}
[0m15:44:27.793472 [debug] [MainThread]: On master: ROLLBACK
[0m15:44:27.794863 [debug] [MainThread]: Using postgres connection "master"
[0m15:44:27.796474 [debug] [MainThread]: On master: BEGIN
[0m15:44:27.798347 [debug] [MainThread]: SQL status: BEGIN in 0.001 seconds
[0m15:44:27.799809 [debug] [MainThread]: On master: COMMIT
[0m15:44:27.800812 [debug] [MainThread]: Using postgres connection "master"
[0m15:44:27.801532 [debug] [MainThread]: On master: COMMIT
[0m15:44:27.802514 [debug] [MainThread]: SQL status: COMMIT in 0.000 seconds
[0m15:44:27.803360 [debug] [MainThread]: On master: Close
[0m15:44:27.825816 [debug] [Thread-1 (]: Began running node model.shop.dim_customer
[0m15:44:27.829413 [info ] [Thread-1 (]: 1 of 1 START sql table model public_marts.dim_customer ......................... [RUN]
[0m15:44:27.831314 [debug] [Thread-1 (]: Re-using an available connection from the pool (formerly list_analytics_public_marts, now model.shop.dim_customer)
[0m15:44:27.832878 [debug] [Thread-1 (]: Began compiling node model.shop.dim_customer
[0m15:44:27.849546 [debug] [Thread-1 (]: Writing injected SQL for node "model.shop.dim_customer"
[0m15:44:27.851972 [debug] [Thread-1 (]: Began executing node model.shop.dim_customer
[0m15:44:27.976244 [debug] [Thread-1 (]: Writing runtime sql for node "model.shop.dim_customer"
[0m15:44:27.978864 [debug] [Thread-1 (]: Using postgres connection "model.shop.dim_customer"
[0m15:44:27.979958 [debug] [Thread-1 (]: On model.shop.dim_customer: BEGIN
[0m15:44:27.981283 [debug] [Thread-1 (]: Opening a new connection, currently in state closed
[0m15:44:28.007833 [debug] [Thread-1 (]: SQL status: BEGIN in 0.027 seconds
[0m15:44:28.008973 [debug] [Thread-1 (]: Using postgres connection "model.shop.dim_customer"
[0m15:44:28.009944 [debug] [Thread-1 (]: On model.shop.dim_customer: /* {"app": "dbt", "dbt_version": "1.12.3", "profile_name": "shop", "target_name": "dev", "node_id": "model.shop.dim_customer"} */

  
    

  create  table "analytics"."public_marts"."dim_customer__dbt_tmp"
  
  
    as
  
  (
    SELECT
    a.customer_id,
    a.name,
    COUNT(u.user_id) AS user_count
FROM "analytics"."public_staging"."stg_accounts" a
LEFT JOIN "analytics"."public_staging"."stg_users" u ON u.account_id = a.customer_id
GROUP BY 1, 2
  );
  
[0m15:44:28.042511 [debug] [Thread-1 (]: SQL status: SELECT 3 in 0.032 seconds
[0m15:44:28.067334 [debug] [Thread-1 (]: Using postgres connection "model.shop.dim_customer"
[0m15:44:28.069648 [debug] [Thread-1 (]: On model.shop.dim_customer: /* {"app": "dbt", "dbt_version": "1.12.3", "profile_name": "shop", "target_name": "dev", "node_id": "model.shop.dim_customer"} */
alter table "analytics"."public_marts"."dim_customer__dbt_tmp" rename to "dim_customer"
[0m15:44:28.071704 [debug] [Thread-1 (]: SQL status: ALTER TABLE in 0.001 seconds
[0m15:44:28.183853 [debug] [Thread-1 (]: On model.shop.dim_customer: COMMIT
[0m15:44:28.186684 [debug] [Thread-1 (]: Using postgres connection "model.shop.dim_customer"
[0m15:44:28.191261 [debug] [Thread-1 (]: On model.shop.dim_customer: COMMIT
[0m15:44:28.195589 [debug] [Thread-1 (]: SQL status: COMMIT in 0.002 seconds
[0m15:44:28.224585 [debug] [Thread-1 (]: Applying DROP to: "analytics"."public_marts"."dim_customer__dbt_backup"
[0m15:44:28.249906 [debug] [Thread-1 (]: Using postgres connection "model.shop.dim_customer"
[0m15:44:28.252478 [debug] [Thread-1 (]: On model.shop.dim_customer: /* {"app": "dbt", "dbt_version": "1.12.3", "profile_name": "shop", "target_name": "dev", "node_id": "model.shop.dim_customer"} */
drop table if exists "analytics"."public_marts"."dim_customer__dbt_backup" cascade
[0m15:44:28.256099 [debug] [Thread-1 (]: SQL status: DROP TABLE in 0.001 seconds
[0m15:44:28.267432 [debug] [Thread-1 (]: On model.shop.dim_customer: Close
[0m15:44:28.278574 [debug] [Thread-1 (]: Sending event: {'category': 'dbt', 'action': 'run_model', 'label': '8fd73637-514a-4e8e-959c-fd3824300c49', 'context': [<snowplow_tracker.self_describing_json.SelfDescribingJson object at 0xffff962edeb0>]}
[0m15:44:28.283397 [info ] [Thread-1 (]: 1 of 1 OK created sql table model public_marts.dim_customer .................... [[32mSELECT 3[0m in 0.44s]
[0m15:44:28.289100 [debug] [Thread-1 (]: Finished running node model.shop.dim_customer
[0m15:44:28.301161 [debug] [MainThread]: Using postgres connection "master"
[0m15:44:28.302671 [debug] [MainThread]: On master: BEGIN
[0m15:44:28.304076 [debug] [MainThread]: Opening a new connection, currently in state closed
[0m15:44:28.363863 [debug] [MainThread]: SQL status: BEGIN in 0.060 seconds
[0m15:44:28.368771 [debug] [MainThread]: On master: COMMIT
[0m15:44:28.370330 [debug] [MainThread]: Using postgres connection "master"
[0m15:44:28.372616 [debug] [MainThread]: On master: COMMIT
[0m15:44:28.379552 [debug] [MainThread]: SQL status: COMMIT in 0.001 seconds
[0m15:44:28.385564 [debug] [MainThread]: On master: Close
[0m15:44:28.387306 [debug] [MainThread]: Connection 'master' was properly closed.
[0m15:44:28.391657 [debug] [MainThread]: Connection 'model.shop.dim_customer' was properly closed.
[0m15:44:28.392969 [debug] [MainThread]: Connection 'list_analytics_public_staging' was properly closed.
[0m15:44:28.394140 [info ] [MainThread]: 
[0m15:44:28.397029 [info ] [MainThread]: Finished running 1 table model in 0 hours 0 minutes and 1.16 seconds (1.16s).
[0m15:44:28.401910 [debug] [MainThread]: Command end result
[0m15:44:28.529703 [debug] [MainThread]: Wrote artifact WritableManifest to /tmp/dbt_target/manifest.json
[0m15:44:28.554504 [debug] [MainThread]: Wrote artifact SemanticManifest to /tmp/dbt_target/semantic_manifest.json
[0m15:44:28.563195 [debug] [MainThread]: Wrote artifact OsiDocument to /tmp/dbt_target/osi_document.json
[0m15:44:28.580720 [debug] [MainThread]: Wrote artifact RunExecutionResult to /tmp/dbt_target/run_results.json
[0m15:44:28.581848 [info ] [MainThread]: 
[0m15:44:28.583574 [info ] [MainThread]: [32mCompleted successfully[0m
[0m15:44:28.585535 [info ] [MainThread]: 
[0m15:44:28.586929 [info ] [MainThread]: Done. PASS=1 WARN=0 ERROR=0 SKIP=0 NO-OP=0 REUSED=0 TOTAL=1
[0m15:44:28.590249 [warn ] [MainThread]: [[33mWARNING[0m][DeprecationsSummary]: Deprecated functionality
Summary of encountered deprecations:
- ConfigTargetPathDeprecation: 1 occurrence
To see all deprecation instances instead of just the first occurrence of each,
run command again with the `--show-all-deprecations` flag. You may also need to
run with `--no-partial-parse` as some deprecations are only encountered during
parsing.
[0m15:44:28.597155 [debug] [MainThread]: Resource report: {"command_name": "run", "command_success": true, "command_wall_clock_time": 5.5094967, "process_in_blocks": "104", "process_kernel_time": 2.508714, "process_mem_max_rss": "136588", "process_out_blocks": "2277", "process_user_time": 11.041385}
[0m15:44:28.599177 [debug] [MainThread]: Command `dbt run` succeeded at 15:44:28.598900 after 5.51 seconds
[0m15:44:28.601621 [debug] [MainThread]: Sending event: {'category': 'dbt', 'action': 'invocation', 'label': 'end', 'context': [<snowplow_tracker.self_describing_json.SelfDescribingJson object at 0xffff9d7a7170>, <snowplow_tracker.self_describing_json.SelfDescribingJson object at 0xffff9d5a4320>, <snowplow_tracker.self_describing_json.SelfDescribingJson object at 0xffff96fc4410>]}
[0m15:44:28.603667 [debug] [MainThread]: Flushing usage events
[0m15:44:30.027090 [debug] [MainThread]: An error was encountered while trying to flush usage events
[0m15:44:42.490625 [debug] [MainThread]: Sending event: {'category': 'dbt', 'action': 'invocation', 'label': 'start', 'context': [<snowplow_tracker.self_describing_json.SelfDescribingJson object at 0xffff8a36b3b0>, <snowplow_tracker.self_describing_json.SelfDescribingJson object at 0xffff8a368050>, <snowplow_tracker.self_describing_json.SelfDescribingJson object at 0xffff8a36b200>]}


============================== 15:44:42.514603 | e277b2e2-d9c8-4227-a1d3-afed4e5bc8ba ==============================
[0m15:44:42.514603 [info ] [MainThread]: Running with dbt=1.12.3
[0m15:44:42.521952 [debug] [MainThread]: running dbt with arguments {'debug': 'False', 'empty': 'None', 'fail_fast': 'False', 'indirect_selection': 'eager', 'version_check': 'True', 'invocation_command': 'dbt test', 'warn_error': 'None', 'log_format': 'default', 'target_path': 'None', 'no_print': 'None', 'profiles_dir': '/opt/airflow/dbt', 'cache_selected_only': 'False', 'hints_enabled': 'True', 'send_anonymous_usage_stats': 'True', 'write_json': 'True', 'log_path': '/opt/airflow/dbt/logs', 'static_parser': 'True', 'maximum_seed_size_mib': '1', 'printer_width': '80', 'use_experimental_parser': 'False', 'use_colors': 'True', 'warn_error_options': 'WarnErrorOptionsV2(error=[], warn=[], silence=[])', 'quiet': 'False', 'partial_parse': 'True', 'introspect': 'True', 'log_cache_events': 'False'}
[0m15:44:42.749269 [warn ] [MainThread]: [[33mWARNING[0m]: Deprecated functionality
The `target-path` config in `dbt_project.yml` has been deprecated, and will no
longer be supported in a future version of dbt-core. If you wish to write dbt
artifacts to a custom directory, please use the --target-path CLI flag or
DBT_TARGET_PATH env var instead.
[0m15:44:42.751098 [debug] [MainThread]: Sending event: {'category': 'dbt', 'action': 'deprecation', 'label': 'e277b2e2-d9c8-4227-a1d3-afed4e5bc8ba', 'property_': 'warn', 'context': [<snowplow_tracker.self_describing_json.SelfDescribingJson object at 0xffff896ade80>]}
[0m15:44:43.117937 [debug] [MainThread]: Sending event: {'category': 'dbt', 'action': 'project_id', 'label': 'e277b2e2-d9c8-4227-a1d3-afed4e5bc8ba', 'context': [<snowplow_tracker.self_describing_json.SelfDescribingJson object at 0xffff8aa5fa40>]}
[0m15:44:43.316162 [debug] [MainThread]: Sending event: {'category': 'dbt', 'action': 'adapter_info', 'label': 'e277b2e2-d9c8-4227-a1d3-afed4e5bc8ba', 'context': [<snowplow_tracker.self_describing_json.SelfDescribingJson object at 0xffff8a6e4200>]}
[0m15:44:43.319540 [info ] [MainThread]: Registered adapter: postgres=1.9.0
[0m15:44:43.644812 [debug] [MainThread]: checksum: 4b36912b5a065d7176771ed2b61a3a5a7fc50891988c2c27a9a0397379b06a23, vars: {}, profile: shop, target: dev, version: 1.12.3
[0m15:44:44.686249 [debug] [MainThread]: Partial parsing enabled: 0 files deleted, 0 files added, 0 files changed.
[0m15:44:44.693006 [debug] [MainThread]: Nothing changed, skipping partial parsing.
[0m15:44:44.694366 [debug] [MainThread]: Partial parsing enabled, no changes found, skipping parsing
[0m15:44:44.767487 [debug] [MainThread]: Sending event: {'category': 'dbt', 'action': 'load_project', 'label': 'e277b2e2-d9c8-4227-a1d3-afed4e5bc8ba', 'context': [<snowplow_tracker.self_describing_json.SelfDescribingJson object at 0xffff8cd552b0>]}
[0m15:44:45.694675 [debug] [MainThread]: Wrote artifact WritableManifest to /tmp/dbt_target/manifest.json
[0m15:44:45.725662 [debug] [MainThread]: Wrote artifact SemanticManifest to /tmp/dbt_target/semantic_manifest.json
[0m15:44:45.781474 [debug] [MainThread]: Wrote artifact OsiDocument to /tmp/dbt_target/osi_document.json
[0m15:44:45.884129 [debug] [MainThread]: Sending event: {'category': 'dbt', 'action': 'resource_counts', 'label': 'e277b2e2-d9c8-4227-a1d3-afed4e5bc8ba', 'context': [<snowplow_tracker.self_describing_json.SelfDescribingJson object at 0xffff87ec4380>]}
[0m15:44:45.886141 [info ] [MainThread]: Found 3 models, 4 data tests, 2 sources, 1 exposure, 475 macros
[0m15:44:45.888005 [debug] [MainThread]: Sending event: {'category': 'dbt', 'action': 'runnable_timing', 'label': 'e277b2e2-d9c8-4227-a1d3-afed4e5bc8ba', 'context': [<snowplow_tracker.self_describing_json.SelfDescribingJson object at 0xffff87ebbdd0>]}
[0m15:44:45.900651 [info ] [MainThread]: 
[0m15:44:45.902552 [info ] [MainThread]: Concurrency: 4 threads (target='dev')
[0m15:44:45.903461 [info ] [MainThread]: 
[0m15:44:45.906510 [debug] [MainThread]: Acquiring new postgres connection 'master'
[0m15:44:45.921177 [debug] [ThreadPool]: Acquiring new postgres connection 'list_analytics_public_marts'
[0m15:44:45.928466 [debug] [ThreadPool]: Acquiring new postgres connection 'list_analytics_public_staging'
[0m15:44:46.062147 [debug] [ThreadPool]: Using postgres connection "list_analytics_public_marts"
[0m15:44:46.064048 [debug] [ThreadPool]: Using postgres connection "list_analytics_public_staging"
[0m15:44:46.064705 [debug] [ThreadPool]: On list_analytics_public_marts: BEGIN
[0m15:44:46.066210 [debug] [ThreadPool]: On list_analytics_public_staging: BEGIN
[0m15:44:46.067087 [debug] [ThreadPool]: Opening a new connection, currently in state init
[0m15:44:46.068172 [debug] [ThreadPool]: Opening a new connection, currently in state init
[0m15:44:46.187103 [debug] [ThreadPool]: SQL status: BEGIN in 0.117 seconds
[0m15:44:46.189815 [debug] [ThreadPool]: SQL status: BEGIN in 0.123 seconds
[0m15:44:46.191938 [debug] [ThreadPool]: Using postgres connection "list_analytics_public_staging"
[0m15:44:46.193714 [debug] [ThreadPool]: Using postgres connection "list_analytics_public_marts"
[0m15:44:46.196913 [debug] [ThreadPool]: On list_analytics_public_staging: /* {"app": "dbt", "dbt_version": "1.12.3", "profile_name": "shop", "target_name": "dev", "connection_name": "list_analytics_public_staging"} */
select
      'analytics' as database,
      tablename as name,
      schemaname as schema,
      'table' as type
    from pg_tables
    where schemaname ilike 'public_staging'
    union all
    select
      'analytics' as database,
      viewname as name,
      schemaname as schema,
      'view' as type
    from pg_views
    where schemaname ilike 'public_staging'
    union all
    select
      'analytics' as database,
      matviewname as name,
      schemaname as schema,
      'materialized_view' as type
    from pg_matviews
    where schemaname ilike 'public_staging'
  
[0m15:44:46.201498 [debug] [ThreadPool]: On list_analytics_public_marts: /* {"app": "dbt", "dbt_version": "1.12.3", "profile_name": "shop", "target_name": "dev", "connection_name": "list_analytics_public_marts"} */
select
      'analytics' as database,
      tablename as name,
      schemaname as schema,
      'table' as type
    from pg_tables
    where schemaname ilike 'public_marts'
    union all
    select
      'analytics' as database,
      viewname as name,
      schemaname as schema,
      'view' as type
    from pg_views
    where schemaname ilike 'public_marts'
    union all
    select
      'analytics' as database,
      matviewname as name,
      schemaname as schema,
      'materialized_view' as type
    from pg_matviews
    where schemaname ilike 'public_marts'
  
[0m15:44:46.221830 [debug] [ThreadPool]: SQL status: SELECT 1 in 0.016 seconds
[0m15:44:46.222777 [debug] [ThreadPool]: SQL status: SELECT 2 in 0.020 seconds
[0m15:44:46.234720 [debug] [ThreadPool]: On list_analytics_public_marts: ROLLBACK
[0m15:44:46.238999 [debug] [ThreadPool]: On list_analytics_public_staging: ROLLBACK
[0m15:44:46.242113 [debug] [ThreadPool]: On list_analytics_public_marts: Close
[0m15:44:46.243317 [debug] [ThreadPool]: On list_analytics_public_staging: Close
[0m15:44:46.266446 [debug] [MainThread]: Using postgres connection "master"
[0m15:44:46.268404 [debug] [MainThread]: On master: BEGIN
[0m15:44:46.270021 [debug] [MainThread]: Opening a new connection, currently in state init
[0m15:44:46.301182 [debug] [MainThread]: SQL status: BEGIN in 0.031 seconds
[0m15:44:46.303092 [debug] [MainThread]: Using postgres connection "master"
[0m15:44:46.303936 [debug] [MainThread]: On master: /* {"app": "dbt", "dbt_version": "1.12.3", "profile_name": "shop", "target_name": "dev", "connection_name": "master"} */
with relation as (
        select
            pg_rewrite.ev_class as class,
            pg_rewrite.oid as id
        from pg_rewrite
    ),
    class as (
        select
            oid as id,
            relname as name,
            relnamespace as schema,
            relkind as kind
        from pg_class
    ),
    dependency as (
        select distinct
            pg_depend.objid as id,
            pg_depend.refobjid as ref
        from pg_depend
    ),
    schema as (
        select
            pg_namespace.oid as id,
            pg_namespace.nspname as name
        from pg_namespace
        where nspname != 'information_schema' and nspname not like 'pg\_%'
    ),
    referenced as (
        select
            relation.id AS id,
            referenced_class.name ,
            referenced_class.schema ,
            referenced_class.kind
        from relation
        join class as referenced_class on relation.class=referenced_class.id
        where referenced_class.kind in ('r', 'v', 'm')
    ),
    relationships as (
        select
            referenced.name as referenced_name,
            referenced.schema as referenced_schema_id,
            dependent_class.name as dependent_name,
            dependent_class.schema as dependent_schema_id,
            referenced.kind as kind
        from referenced
        join dependency on referenced.id=dependency.id
        join class as dependent_class on dependency.ref=dependent_class.id
        where
            (referenced.name != dependent_class.name or
             referenced.schema != dependent_class.schema)
    )

    select
        referenced_schema.name as referenced_schema,
        relationships.referenced_name as referenced_name,
        dependent_schema.name as dependent_schema,
        relationships.dependent_name as dependent_name
    from relationships
    join schema as dependent_schema on relationships.dependent_schema_id=dependent_schema.id
    join schema as referenced_schema on relationships.referenced_schema_id=referenced_schema.id
    group by referenced_schema, referenced_name, dependent_schema, dependent_name
    order by referenced_schema, referenced_name, dependent_schema, dependent_name;
[0m15:44:46.315011 [debug] [MainThread]: SQL status: SELECT 2 in 0.010 seconds
[0m15:44:46.318220 [debug] [MainThread]: Sending event: {'category': 'dbt', 'action': 'runnable_timing', 'label': 'e277b2e2-d9c8-4227-a1d3-afed4e5bc8ba', 'context': [<snowplow_tracker.self_describing_json.SelfDescribingJson object at 0xffff896e4740>]}
[0m15:44:46.320077 [debug] [MainThread]: On master: ROLLBACK
[0m15:44:46.321881 [debug] [MainThread]: Using postgres connection "master"
[0m15:44:46.322694 [debug] [MainThread]: On master: BEGIN
[0m15:44:46.323981 [debug] [MainThread]: SQL status: BEGIN in 0.000 seconds
[0m15:44:46.324705 [debug] [MainThread]: On master: COMMIT
[0m15:44:46.325430 [debug] [MainThread]: Using postgres connection "master"
[0m15:44:46.326251 [debug] [MainThread]: On master: COMMIT
[0m15:44:46.327394 [debug] [MainThread]: SQL status: COMMIT in 0.000 seconds
[0m15:44:46.328074 [debug] [MainThread]: On master: Close
[0m15:44:46.345852 [debug] [Thread-1 (]: Began running node test.shop.not_null_dim_customer_customer_id.9775012dfc
[0m15:44:46.346985 [debug] [Thread-2 (]: Began running node test.shop.source_not_null_raw_salesforce_account_id.8f28e83114
[0m15:44:46.347680 [debug] [Thread-3 (]: Began running node test.shop.source_unique_raw_salesforce_account_id.24a5be22ce
[0m15:44:46.349113 [debug] [Thread-4 (]: Began running node test.shop.unique_dim_customer_customer_id.b42affccd1
[0m15:44:46.353439 [info ] [Thread-4 (]: 4 of 4 START test unique_dim_customer_customer_id .............................. [RUN]
[0m15:44:46.351529 [info ] [Thread-2 (]: 2 of 4 START test source_not_null_raw_salesforce_account_id .................... [RUN]
[0m15:44:46.352624 [info ] [Thread-3 (]: 3 of 4 START test source_unique_raw_salesforce_account_id ...................... [RUN]
[0m15:44:46.349893 [info ] [Thread-1 (]: 1 of 4 START test not_null_dim_customer_customer_id ............................ [RUN]
[0m15:44:46.354421 [debug] [Thread-4 (]: Acquiring new postgres connection 'test.shop.unique_dim_customer_customer_id.b42affccd1'
[0m15:44:46.355311 [debug] [Thread-2 (]: Re-using an available connection from the pool (formerly list_analytics_public_staging, now test.shop.source_not_null_raw_salesforce_account_id.8f28e83114)
[0m15:44:46.356272 [debug] [Thread-3 (]: Acquiring new postgres connection 'test.shop.source_unique_raw_salesforce_account_id.24a5be22ce'
[0m15:44:46.357175 [debug] [Thread-1 (]: Re-using an available connection from the pool (formerly list_analytics_public_marts, now test.shop.not_null_dim_customer_customer_id.9775012dfc)
[0m15:44:46.358121 [debug] [Thread-4 (]: Began compiling node test.shop.unique_dim_customer_customer_id.b42affccd1
[0m15:44:46.358968 [debug] [Thread-2 (]: Began compiling node test.shop.source_not_null_raw_salesforce_account_id.8f28e83114
[0m15:44:46.359857 [debug] [Thread-3 (]: Began compiling node test.shop.source_unique_raw_salesforce_account_id.24a5be22ce
[0m15:44:46.360514 [debug] [Thread-1 (]: Began compiling node test.shop.not_null_dim_customer_customer_id.9775012dfc
[0m15:44:46.418997 [debug] [Thread-4 (]: Writing injected SQL for node "test.shop.unique_dim_customer_customer_id.b42affccd1"
[0m15:44:46.436770 [debug] [Thread-3 (]: Writing injected SQL for node "test.shop.source_unique_raw_salesforce_account_id.24a5be22ce"
[0m15:44:46.444002 [debug] [Thread-1 (]: Writing injected SQL for node "test.shop.not_null_dim_customer_customer_id.9775012dfc"
[0m15:44:46.442596 [debug] [Thread-2 (]: Writing injected SQL for node "test.shop.source_not_null_raw_salesforce_account_id.8f28e83114"
[0m15:44:46.448713 [debug] [Thread-1 (]: Began executing node test.shop.not_null_dim_customer_customer_id.9775012dfc
[0m15:44:46.450577 [debug] [Thread-4 (]: Began executing node test.shop.unique_dim_customer_customer_id.b42affccd1
[0m15:44:46.509054 [debug] [Thread-3 (]: Began executing node test.shop.source_unique_raw_salesforce_account_id.24a5be22ce
[0m15:44:46.520841 [debug] [Thread-2 (]: Began executing node test.shop.source_not_null_raw_salesforce_account_id.8f28e83114
[0m15:44:46.529144 [debug] [Thread-4 (]: Writing runtime sql for node "test.shop.unique_dim_customer_customer_id.b42affccd1"
[0m15:44:46.608260 [debug] [Thread-4 (]: Using postgres connection "test.shop.unique_dim_customer_customer_id.b42affccd1"
[0m15:44:46.544914 [debug] [Thread-3 (]: Writing runtime sql for node "test.shop.source_unique_raw_salesforce_account_id.24a5be22ce"
[0m15:44:46.604862 [debug] [Thread-2 (]: Writing runtime sql for node "test.shop.source_not_null_raw_salesforce_account_id.8f28e83114"
[0m15:44:46.532816 [debug] [Thread-1 (]: Writing runtime sql for node "test.shop.not_null_dim_customer_customer_id.9775012dfc"
[0m15:44:46.614584 [debug] [Thread-4 (]: On test.shop.unique_dim_customer_customer_id.b42affccd1: BEGIN
[0m15:44:46.625476 [debug] [Thread-1 (]: Using postgres connection "test.shop.not_null_dim_customer_customer_id.9775012dfc"
[0m15:44:46.629272 [debug] [Thread-2 (]: Using postgres connection "test.shop.source_not_null_raw_salesforce_account_id.8f28e83114"
[0m15:44:46.630176 [debug] [Thread-4 (]: Opening a new connection, currently in state init
[0m15:44:46.632781 [debug] [Thread-3 (]: Using postgres connection "test.shop.source_unique_raw_salesforce_account_id.24a5be22ce"
[0m15:44:46.634672 [debug] [Thread-1 (]: On test.shop.not_null_dim_customer_customer_id.9775012dfc: BEGIN
[0m15:44:46.636825 [debug] [Thread-2 (]: On test.shop.source_not_null_raw_salesforce_account_id.8f28e83114: BEGIN
[0m15:44:46.639435 [debug] [Thread-3 (]: On test.shop.source_unique_raw_salesforce_account_id.24a5be22ce: BEGIN
[0m15:44:46.641685 [debug] [Thread-1 (]: Opening a new connection, currently in state closed
[0m15:44:46.643390 [debug] [Thread-2 (]: Opening a new connection, currently in state closed
[0m15:44:46.645231 [debug] [Thread-3 (]: Opening a new connection, currently in state init
[0m15:44:46.676340 [debug] [Thread-4 (]: SQL status: BEGIN in 0.046 seconds
[0m15:44:46.677872 [debug] [Thread-4 (]: Using postgres connection "test.shop.unique_dim_customer_customer_id.b42affccd1"
[0m15:44:46.679074 [debug] [Thread-4 (]: On test.shop.unique_dim_customer_customer_id.b42affccd1: /* {"app": "dbt", "dbt_version": "1.12.3", "profile_name": "shop", "target_name": "dev", "node_id": "test.shop.unique_dim_customer_customer_id.b42affccd1"} */

    
    select
      count(*) as failures,
      count(*) != 0 as should_warn,
      count(*) != 0 as should_error
    from (
      
    
  
    
    

select
    customer_id as unique_field,
    count(*) as n_records

from "analytics"."public_marts"."dim_customer"
where customer_id is not null
group by customer_id
having count(*) > 1



  
  
      
    ) dbt_internal_test
[0m15:44:46.683264 [debug] [Thread-1 (]: SQL status: BEGIN in 0.042 seconds
[0m15:44:46.684832 [debug] [Thread-1 (]: Using postgres connection "test.shop.not_null_dim_customer_customer_id.9775012dfc"
[0m15:44:46.686045 [debug] [Thread-1 (]: On test.shop.not_null_dim_customer_customer_id.9775012dfc: /* {"app": "dbt", "dbt_version": "1.12.3", "profile_name": "shop", "target_name": "dev", "node_id": "test.shop.not_null_dim_customer_customer_id.9775012dfc"} */

    
    select
      count(*) as failures,
      count(*) != 0 as should_warn,
      count(*) != 0 as should_error
    from (
      
    
  
    
    



select customer_id
from "analytics"."public_marts"."dim_customer"
where customer_id is null



  
  
      
    ) dbt_internal_test
[0m15:44:46.691701 [debug] [Thread-2 (]: SQL status: BEGIN in 0.049 seconds
[0m15:44:46.693652 [debug] [Thread-2 (]: Using postgres connection "test.shop.source_not_null_raw_salesforce_account_id.8f28e83114"
[0m15:44:46.694852 [debug] [Thread-2 (]: On test.shop.source_not_null_raw_salesforce_account_id.8f28e83114: /* {"app": "dbt", "dbt_version": "1.12.3", "profile_name": "shop", "target_name": "dev", "node_id": "test.shop.source_not_null_raw_salesforce_account_id.8f28e83114"} */

    
    select
      count(*) as failures,
      count(*) != 0 as should_warn,
      count(*) != 0 as should_error
    from (
      
    
  
    
    



select id
from "analytics"."raw"."salesforce_account"
where id is null



  
  
      
    ) dbt_internal_test
[0m15:44:46.696375 [debug] [Thread-1 (]: SQL status: SELECT 1 in 0.009 seconds
[0m15:44:46.697264 [debug] [Thread-4 (]: SQL status: SELECT 1 in 0.015 seconds
[0m15:44:46.729295 [debug] [Thread-2 (]: SQL status: SELECT 1 in 0.009 seconds
[0m15:44:46.736678 [debug] [Thread-4 (]: On test.shop.unique_dim_customer_customer_id.b42affccd1: ROLLBACK
[0m15:44:46.740537 [debug] [Thread-2 (]: On test.shop.source_not_null_raw_salesforce_account_id.8f28e83114: ROLLBACK
[0m15:44:46.766021 [debug] [Thread-3 (]: SQL status: BEGIN in 0.121 seconds
[0m15:44:46.743255 [debug] [Thread-1 (]: On test.shop.not_null_dim_customer_customer_id.9775012dfc: ROLLBACK
[0m15:44:46.769517 [debug] [Thread-4 (]: On test.shop.unique_dim_customer_customer_id.b42affccd1: Close
[0m15:44:46.772871 [debug] [Thread-2 (]: On test.shop.source_not_null_raw_salesforce_account_id.8f28e83114: Close
[0m15:44:46.775992 [debug] [Thread-3 (]: Using postgres connection "test.shop.source_unique_raw_salesforce_account_id.24a5be22ce"
[0m15:44:46.795033 [debug] [Thread-1 (]: On test.shop.not_null_dim_customer_customer_id.9775012dfc: Close
[0m15:44:46.805965 [info ] [Thread-4 (]: 4 of 4 PASS unique_dim_customer_customer_id .................................... [[32mPASS[0m in 0.45s]
[0m15:44:46.819720 [info ] [Thread-2 (]: 2 of 4 PASS source_not_null_raw_salesforce_account_id .......................... [[32mPASS[0m in 0.46s]
[0m15:44:46.828585 [debug] [Thread-3 (]: On test.shop.source_unique_raw_salesforce_account_id.24a5be22ce: /* {"app": "dbt", "dbt_version": "1.12.3", "profile_name": "shop", "target_name": "dev", "node_id": "test.shop.source_unique_raw_salesforce_account_id.24a5be22ce"} */

    
    select
      count(*) as failures,
      count(*) != 0 as should_warn,
      count(*) != 0 as should_error
    from (
      
    
  
    
    

select
    id as unique_field,
    count(*) as n_records

from "analytics"."raw"."salesforce_account"
where id is not null
group by id
having count(*) > 1



  
  
      
    ) dbt_internal_test
[0m15:44:46.835556 [info ] [Thread-1 (]: 1 of 4 PASS not_null_dim_customer_customer_id .................................. [[32mPASS[0m in 0.48s]
[0m15:44:46.843952 [debug] [Thread-4 (]: Finished running node test.shop.unique_dim_customer_customer_id.b42affccd1
[0m15:44:46.853080 [debug] [Thread-2 (]: Finished running node test.shop.source_not_null_raw_salesforce_account_id.8f28e83114
[0m15:44:46.866703 [debug] [Thread-3 (]: SQL status: SELECT 1 in 0.005 seconds
[0m15:44:46.869028 [debug] [Thread-1 (]: Finished running node test.shop.not_null_dim_customer_customer_id.9775012dfc
[0m15:44:46.886326 [debug] [Thread-3 (]: On test.shop.source_unique_raw_salesforce_account_id.24a5be22ce: ROLLBACK
[0m15:44:46.893496 [debug] [Thread-3 (]: On test.shop.source_unique_raw_salesforce_account_id.24a5be22ce: Close
[0m15:44:46.896948 [info ] [Thread-3 (]: 3 of 4 PASS source_unique_raw_salesforce_account_id ............................ [[32mPASS[0m in 0.54s]
[0m15:44:46.902829 [debug] [Thread-3 (]: Finished running node test.shop.source_unique_raw_salesforce_account_id.24a5be22ce
[0m15:44:46.923669 [debug] [MainThread]: Using postgres connection "master"
[0m15:44:46.925276 [debug] [MainThread]: On master: BEGIN
[0m15:44:46.927218 [debug] [MainThread]: Opening a new connection, currently in state closed
[0m15:44:46.955783 [debug] [MainThread]: SQL status: BEGIN in 0.029 seconds
[0m15:44:46.960671 [debug] [MainThread]: On master: COMMIT
[0m15:44:46.965886 [debug] [MainThread]: Using postgres connection "master"
[0m15:44:46.970603 [debug] [MainThread]: On master: COMMIT
[0m15:44:46.973551 [debug] [MainThread]: SQL status: COMMIT in 0.000 seconds
[0m15:44:46.975464 [debug] [MainThread]: On master: Close
[0m15:44:46.982471 [debug] [MainThread]: Connection 'master' was properly closed.
[0m15:44:46.984082 [debug] [MainThread]: Connection 'test.shop.not_null_dim_customer_customer_id.9775012dfc' was properly closed.
[0m15:44:46.986995 [debug] [MainThread]: Connection 'test.shop.source_not_null_raw_salesforce_account_id.8f28e83114' was properly closed.
[0m15:44:46.988541 [debug] [MainThread]: Connection 'test.shop.unique_dim_customer_customer_id.b42affccd1' was properly closed.
[0m15:44:46.989773 [debug] [MainThread]: Connection 'test.shop.source_unique_raw_salesforce_account_id.24a5be22ce' was properly closed.
[0m15:44:46.991302 [info ] [MainThread]: 
[0m15:44:46.993496 [info ] [MainThread]: Finished running 4 data tests in 0 hours 0 minutes and 1.09 seconds (1.09s).
[0m15:44:46.997774 [debug] [MainThread]: Command end result
[0m15:44:47.435278 [debug] [MainThread]: Wrote artifact WritableManifest to /tmp/dbt_target/manifest.json
[0m15:44:47.448356 [debug] [MainThread]: Wrote artifact SemanticManifest to /tmp/dbt_target/semantic_manifest.json
[0m15:44:47.455819 [debug] [MainThread]: Wrote artifact OsiDocument to /tmp/dbt_target/osi_document.json
[0m15:44:47.475108 [debug] [MainThread]: Wrote artifact RunExecutionResult to /tmp/dbt_target/run_results.json
[0m15:44:47.476191 [info ] [MainThread]: 
[0m15:44:47.477276 [info ] [MainThread]: [32mCompleted successfully[0m
[0m15:44:47.478196 [info ] [MainThread]: 
[0m15:44:47.482824 [info ] [MainThread]: Done. PASS=4 WARN=0 ERROR=0 SKIP=0 NO-OP=0 REUSED=0 TOTAL=4
[0m15:44:47.484486 [warn ] [MainThread]: [[33mWARNING[0m][DeprecationsSummary]: Deprecated functionality
Summary of encountered deprecations:
- ConfigTargetPathDeprecation: 1 occurrence
To see all deprecation instances instead of just the first occurrence of each,
run command again with the `--show-all-deprecations` flag. You may also need to
run with `--no-partial-parse` as some deprecations are only encountered during
parsing.
[0m15:44:47.490465 [debug] [MainThread]: Resource report: {"command_name": "test", "command_success": true, "command_wall_clock_time": 5.350049, "process_in_blocks": "6632", "process_kernel_time": 2.093543, "process_mem_max_rss": "138752", "process_out_blocks": "2343", "process_user_time": 10.594238}
[0m15:44:47.493433 [debug] [MainThread]: Command `dbt test` succeeded at 15:44:47.493125 after 5.35 seconds
[0m15:44:47.494557 [debug] [MainThread]: Sending event: {'category': 'dbt', 'action': 'invocation', 'label': 'end', 'context': [<snowplow_tracker.self_describing_json.SelfDescribingJson object at 0xffff8bef6690>, <snowplow_tracker.self_describing_json.SelfDescribingJson object at 0xffff88099df0>, <snowplow_tracker.self_describing_json.SelfDescribingJson object at 0xffff88099dc0>]}
[0m15:44:47.501231 [debug] [MainThread]: Flushing usage events
[0m15:44:48.907069 [debug] [MainThread]: An error was encountered while trying to flush usage events
[0m15:45:39.850601 [debug] [MainThread]: Sending event: {'category': 'dbt', 'action': 'invocation', 'label': 'start', 'context': [<snowplow_tracker.self_describing_json.SelfDescribingJson object at 0xffff7b0205c0>, <snowplow_tracker.self_describing_json.SelfDescribingJson object at 0xffff7a092ff0>, <snowplow_tracker.self_describing_json.SelfDescribingJson object at 0xffff7b0219a0>]}


============================== 15:45:39.876519 | 46b58742-205c-4ea1-b043-f329549a254c ==============================
[0m15:45:39.876519 [info ] [MainThread]: Running with dbt=1.12.3
[0m15:45:39.880973 [debug] [MainThread]: running dbt with arguments {'use_colors': 'True', 'fail_fast': 'False', 'indirect_selection': 'eager', 'debug': 'False', 'target_path': 'None', 'warn_error': 'None', 'static_parser': 'True', 'printer_width': '80', 'hints_enabled': 'True', 'invocation_command': 'dbt run --select staging', 'empty': 'False', 'partial_parse': 'True', 'warn_error_options': 'WarnErrorOptionsV2(error=[], warn=[], silence=[])', 'maximum_seed_size_mib': '1', 'log_path': '/opt/airflow/dbt/logs', 'no_print': 'None', 'version_check': 'True', 'write_json': 'True', 'log_format': 'default', 'log_cache_events': 'False', 'quiet': 'False', 'cache_selected_only': 'False', 'use_experimental_parser': 'False', 'introspect': 'True', 'send_anonymous_usage_stats': 'True', 'profiles_dir': '/opt/airflow/dbt'}
[0m15:45:40.142488 [warn ] [MainThread]: [[33mWARNING[0m]: Deprecated functionality
The `target-path` config in `dbt_project.yml` has been deprecated, and will no
longer be supported in a future version of dbt-core. If you wish to write dbt
artifacts to a custom directory, please use the --target-path CLI flag or
DBT_TARGET_PATH env var instead.
[0m15:45:40.149543 [debug] [MainThread]: Sending event: {'category': 'dbt', 'action': 'deprecation', 'label': '46b58742-205c-4ea1-b043-f329549a254c', 'property_': 'warn', 'context': [<snowplow_tracker.self_describing_json.SelfDescribingJson object at 0xffff79fe6960>]}
[0m15:45:40.548656 [debug] [MainThread]: Sending event: {'category': 'dbt', 'action': 'project_id', 'label': '46b58742-205c-4ea1-b043-f329549a254c', 'context': [<snowplow_tracker.self_describing_json.SelfDescribingJson object at 0xffff7a2466f0>]}
[0m15:45:40.664383 [debug] [MainThread]: Sending event: {'category': 'dbt', 'action': 'adapter_info', 'label': '46b58742-205c-4ea1-b043-f329549a254c', 'context': [<snowplow_tracker.self_describing_json.SelfDescribingJson object at 0xffff7d531bb0>]}
[0m15:45:40.667304 [info ] [MainThread]: Registered adapter: postgres=1.9.0
[0m15:45:40.879711 [debug] [MainThread]: checksum: 4b36912b5a065d7176771ed2b61a3a5a7fc50891988c2c27a9a0397379b06a23, vars: {}, profile: shop, target: dev, version: 1.12.3
[0m15:45:41.431670 [debug] [MainThread]: Partial parsing enabled: 0 files deleted, 0 files added, 0 files changed.
[0m15:45:41.435184 [debug] [MainThread]: Nothing changed, skipping partial parsing.
[0m15:45:41.436852 [debug] [MainThread]: Partial parsing enabled, no changes found, skipping parsing
[0m15:45:41.482997 [debug] [MainThread]: Sending event: {'category': 'dbt', 'action': 'load_project', 'label': '46b58742-205c-4ea1-b043-f329549a254c', 'context': [<snowplow_tracker.self_describing_json.SelfDescribingJson object at 0xffff78e5f8f0>]}
[0m15:45:41.800766 [debug] [MainThread]: Wrote artifact WritableManifest to /tmp/dbt_target/manifest.json
[0m15:45:41.811612 [debug] [MainThread]: Wrote artifact SemanticManifest to /tmp/dbt_target/semantic_manifest.json
[0m15:45:41.836395 [debug] [MainThread]: Wrote artifact OsiDocument to /tmp/dbt_target/osi_document.json
[0m15:45:41.879690 [debug] [MainThread]: Sending event: {'category': 'dbt', 'action': 'resource_counts', 'label': '46b58742-205c-4ea1-b043-f329549a254c', 'context': [<snowplow_tracker.self_describing_json.SelfDescribingJson object at 0xffff788d4230>]}
[0m15:45:41.881363 [info ] [MainThread]: Found 3 models, 4 data tests, 2 sources, 1 exposure, 475 macros
[0m15:45:41.882243 [debug] [MainThread]: Sending event: {'category': 'dbt', 'action': 'runnable_timing', 'label': '46b58742-205c-4ea1-b043-f329549a254c', 'context': [<snowplow_tracker.self_describing_json.SelfDescribingJson object at 0xffff78ad11c0>]}
[0m15:45:41.887597 [info ] [MainThread]: 
[0m15:45:41.890267 [info ] [MainThread]: Concurrency: 4 threads (target='dev')
[0m15:45:41.891409 [info ] [MainThread]: 
[0m15:45:41.893694 [debug] [MainThread]: Acquiring new postgres connection 'master'
[0m15:45:41.902064 [debug] [ThreadPool]: Acquiring new postgres connection 'list_analytics'
[0m15:45:42.005515 [debug] [ThreadPool]: Using postgres connection "list_analytics"
[0m15:45:42.006675 [debug] [ThreadPool]: On list_analytics: /* {"app": "dbt", "dbt_version": "1.12.3", "profile_name": "shop", "target_name": "dev", "connection_name": "list_analytics"} */

    select distinct nspname from pg_namespace
  
[0m15:45:42.007623 [debug] [ThreadPool]: Opening a new connection, currently in state init
[0m15:45:42.070115 [debug] [ThreadPool]: SQL status: SELECT 9 in 0.062 seconds
[0m15:45:42.073861 [debug] [ThreadPool]: On list_analytics: Close
[0m15:45:42.077734 [debug] [ThreadPool]: Re-using an available connection from the pool (formerly list_analytics, now list_analytics_public_staging)
[0m15:45:42.085843 [debug] [ThreadPool]: Acquiring new postgres connection 'list_analytics_public_marts'
[0m15:45:42.090621 [debug] [ThreadPool]: Using postgres connection "list_analytics_public_staging"
[0m15:45:42.093071 [debug] [ThreadPool]: Using postgres connection "list_analytics_public_marts"
[0m15:45:42.093865 [debug] [ThreadPool]: On list_analytics_public_staging: BEGIN
[0m15:45:42.094585 [debug] [ThreadPool]: On list_analytics_public_marts: BEGIN
[0m15:45:42.095210 [debug] [ThreadPool]: Opening a new connection, currently in state closed
[0m15:45:42.095762 [debug] [ThreadPool]: Opening a new connection, currently in state init
[0m15:45:42.170079 [debug] [ThreadPool]: SQL status: BEGIN in 0.074 seconds
[0m15:45:42.172231 [debug] [ThreadPool]: Using postgres connection "list_analytics_public_marts"
[0m15:45:42.172934 [debug] [ThreadPool]: On list_analytics_public_marts: /* {"app": "dbt", "dbt_version": "1.12.3", "profile_name": "shop", "target_name": "dev", "connection_name": "list_analytics_public_marts"} */
select
      'analytics' as database,
      tablename as name,
      schemaname as schema,
      'table' as type
    from pg_tables
    where schemaname ilike 'public_marts'
    union all
    select
      'analytics' as database,
      viewname as name,
      schemaname as schema,
      'view' as type
    from pg_views
    where schemaname ilike 'public_marts'
    union all
    select
      'analytics' as database,
      matviewname as name,
      schemaname as schema,
      'materialized_view' as type
    from pg_matviews
    where schemaname ilike 'public_marts'
  
[0m15:45:42.186528 [debug] [ThreadPool]: SQL status: SELECT 1 in 0.013 seconds
[0m15:45:42.193502 [debug] [ThreadPool]: On list_analytics_public_marts: ROLLBACK
[0m15:45:42.194605 [debug] [ThreadPool]: On list_analytics_public_marts: Close
[0m15:45:42.210542 [debug] [ThreadPool]: SQL status: BEGIN in 0.115 seconds
[0m15:45:42.211438 [debug] [ThreadPool]: Using postgres connection "list_analytics_public_staging"
[0m15:45:42.212143 [debug] [ThreadPool]: On list_analytics_public_staging: /* {"app": "dbt", "dbt_version": "1.12.3", "profile_name": "shop", "target_name": "dev", "connection_name": "list_analytics_public_staging"} */
select
      'analytics' as database,
      tablename as name,
      schemaname as schema,
      'table' as type
    from pg_tables
    where schemaname ilike 'public_staging'
    union all
    select
      'analytics' as database,
      viewname as name,
      schemaname as schema,
      'view' as type
    from pg_views
    where schemaname ilike 'public_staging'
    union all
    select
      'analytics' as database,
      matviewname as name,
      schemaname as schema,
      'materialized_view' as type
    from pg_matviews
    where schemaname ilike 'public_staging'
  
[0m15:45:42.231424 [debug] [ThreadPool]: SQL status: SELECT 2 in 0.018 seconds
[0m15:45:42.233513 [debug] [ThreadPool]: On list_analytics_public_staging: ROLLBACK
[0m15:45:42.234408 [debug] [ThreadPool]: On list_analytics_public_staging: Close
[0m15:45:42.241691 [debug] [MainThread]: Using postgres connection "master"
[0m15:45:42.242452 [debug] [MainThread]: On master: BEGIN
[0m15:45:42.242991 [debug] [MainThread]: Opening a new connection, currently in state init
[0m15:45:42.257401 [debug] [MainThread]: SQL status: BEGIN in 0.014 seconds
[0m15:45:42.258138 [debug] [MainThread]: Using postgres connection "master"
[0m15:45:42.259064 [debug] [MainThread]: On master: /* {"app": "dbt", "dbt_version": "1.12.3", "profile_name": "shop", "target_name": "dev", "connection_name": "master"} */
with relation as (
        select
            pg_rewrite.ev_class as class,
            pg_rewrite.oid as id
        from pg_rewrite
    ),
    class as (
        select
            oid as id,
            relname as name,
            relnamespace as schema,
            relkind as kind
        from pg_class
    ),
    dependency as (
        select distinct
            pg_depend.objid as id,
            pg_depend.refobjid as ref
        from pg_depend
    ),
    schema as (
        select
            pg_namespace.oid as id,
            pg_namespace.nspname as name
        from pg_namespace
        where nspname != 'information_schema' and nspname not like 'pg\_%'
    ),
    referenced as (
        select
            relation.id AS id,
            referenced_class.name ,
            referenced_class.schema ,
            referenced_class.kind
        from relation
        join class as referenced_class on relation.class=referenced_class.id
        where referenced_class.kind in ('r', 'v', 'm')
    ),
    relationships as (
        select
            referenced.name as referenced_name,
            referenced.schema as referenced_schema_id,
            dependent_class.name as dependent_name,
            dependent_class.schema as dependent_schema_id,
            referenced.kind as kind
        from referenced
        join dependency on referenced.id=dependency.id
        join class as dependent_class on dependency.ref=dependent_class.id
        where
            (referenced.name != dependent_class.name or
             referenced.schema != dependent_class.schema)
    )

    select
        referenced_schema.name as referenced_schema,
        relationships.referenced_name as referenced_name,
        dependent_schema.name as dependent_schema,
        relationships.dependent_name as dependent_name
    from relationships
    join schema as dependent_schema on relationships.dependent_schema_id=dependent_schema.id
    join schema as referenced_schema on relationships.referenced_schema_id=referenced_schema.id
    group by referenced_schema, referenced_name, dependent_schema, dependent_name
    order by referenced_schema, referenced_name, dependent_schema, dependent_name;
[0m15:45:42.279188 [debug] [MainThread]: SQL status: SELECT 2 in 0.019 seconds
[0m15:45:42.281197 [debug] [MainThread]: Sending event: {'category': 'dbt', 'action': 'runnable_timing', 'label': '46b58742-205c-4ea1-b043-f329549a254c', 'context': [<snowplow_tracker.self_describing_json.SelfDescribingJson object at 0xffff78e5d6a0>]}
[0m15:45:42.282118 [debug] [MainThread]: On master: ROLLBACK
[0m15:45:42.282933 [debug] [MainThread]: Using postgres connection "master"
[0m15:45:42.283439 [debug] [MainThread]: On master: BEGIN
[0m15:45:42.284324 [debug] [MainThread]: SQL status: BEGIN in 0.000 seconds
[0m15:45:42.284929 [debug] [MainThread]: On master: COMMIT
[0m15:45:42.285432 [debug] [MainThread]: Using postgres connection "master"
[0m15:45:42.285847 [debug] [MainThread]: On master: COMMIT
[0m15:45:42.286550 [debug] [MainThread]: SQL status: COMMIT in 0.000 seconds
[0m15:45:42.287338 [debug] [MainThread]: On master: Close
[0m15:45:42.297125 [debug] [Thread-1 (]: Began running node model.shop.stg_accounts
[0m15:45:42.297857 [debug] [Thread-2 (]: Began running node model.shop.stg_users
[0m15:45:42.298792 [info ] [Thread-1 (]: 1 of 2 START sql view model public_staging.stg_accounts ........................ [RUN]
[0m15:45:42.299688 [info ] [Thread-2 (]: 2 of 2 START sql view model public_staging.stg_users ........................... [RUN]
[0m15:45:42.300599 [debug] [Thread-1 (]: Re-using an available connection from the pool (formerly list_analytics_public_staging, now model.shop.stg_accounts)
[0m15:45:42.301241 [debug] [Thread-2 (]: Re-using an available connection from the pool (formerly list_analytics_public_marts, now model.shop.stg_users)
[0m15:45:42.301882 [debug] [Thread-1 (]: Began compiling node model.shop.stg_accounts
[0m15:45:42.302456 [debug] [Thread-2 (]: Began compiling node model.shop.stg_users
[0m15:45:42.311485 [debug] [Thread-1 (]: Writing injected SQL for node "model.shop.stg_accounts"
[0m15:45:42.315902 [debug] [Thread-2 (]: Writing injected SQL for node "model.shop.stg_users"
[0m15:45:42.318912 [debug] [Thread-2 (]: Began executing node model.shop.stg_users
[0m15:45:42.319571 [debug] [Thread-1 (]: Began executing node model.shop.stg_accounts
[0m15:45:42.410351 [debug] [Thread-1 (]: Writing runtime sql for node "model.shop.stg_accounts"
[0m15:45:42.411991 [debug] [Thread-2 (]: Writing runtime sql for node "model.shop.stg_users"
[0m15:45:42.413148 [debug] [Thread-1 (]: Using postgres connection "model.shop.stg_accounts"
[0m15:45:42.413752 [debug] [Thread-2 (]: Using postgres connection "model.shop.stg_users"
[0m15:45:42.414241 [debug] [Thread-1 (]: On model.shop.stg_accounts: BEGIN
[0m15:45:42.414836 [debug] [Thread-2 (]: On model.shop.stg_users: BEGIN
[0m15:45:42.415388 [debug] [Thread-1 (]: Opening a new connection, currently in state closed
[0m15:45:42.415885 [debug] [Thread-2 (]: Opening a new connection, currently in state closed
[0m15:45:42.429090 [debug] [Thread-2 (]: SQL status: BEGIN in 0.013 seconds
[0m15:45:42.431316 [debug] [Thread-2 (]: Using postgres connection "model.shop.stg_users"
[0m15:45:42.432036 [debug] [Thread-2 (]: On model.shop.stg_users: /* {"app": "dbt", "dbt_version": "1.12.3", "profile_name": "shop", "target_name": "dev", "node_id": "model.shop.stg_users"} */

  create view "analytics"."public_staging"."stg_users__dbt_tmp"
    
    
  as (
    SELECT
    id AS user_id,
    account_id
FROM "analytics"."raw"."app_users"
  );
[0m15:45:42.439334 [debug] [Thread-2 (]: SQL status: CREATE VIEW in 0.006 seconds
[0m15:45:42.440406 [debug] [Thread-1 (]: SQL status: BEGIN in 0.025 seconds
[0m15:45:42.448830 [debug] [Thread-2 (]: Using postgres connection "model.shop.stg_users"
[0m15:45:42.449812 [debug] [Thread-1 (]: Using postgres connection "model.shop.stg_accounts"
[0m15:45:42.450602 [debug] [Thread-2 (]: On model.shop.stg_users: /* {"app": "dbt", "dbt_version": "1.12.3", "profile_name": "shop", "target_name": "dev", "node_id": "model.shop.stg_users"} */
alter table "analytics"."public_staging"."stg_users" rename to "stg_users__dbt_backup"
[0m15:45:42.451498 [debug] [Thread-1 (]: On model.shop.stg_accounts: /* {"app": "dbt", "dbt_version": "1.12.3", "profile_name": "shop", "target_name": "dev", "node_id": "model.shop.stg_accounts"} */

  create view "analytics"."public_staging"."stg_accounts__dbt_tmp"
    
    
  as (
    SELECT
    id AS customer_id,
    name
FROM "analytics"."raw"."salesforce_account"
  );
[0m15:45:42.455355 [debug] [Thread-2 (]: SQL status: ALTER TABLE in 0.001 seconds
[0m15:45:42.465910 [debug] [Thread-1 (]: SQL status: CREATE VIEW in 0.013 seconds
[0m15:45:42.463201 [debug] [Thread-2 (]: Using postgres connection "model.shop.stg_users"
[0m15:45:42.469605 [debug] [Thread-1 (]: Using postgres connection "model.shop.stg_accounts"
[0m15:45:42.470452 [debug] [Thread-2 (]: On model.shop.stg_users: /* {"app": "dbt", "dbt_version": "1.12.3", "profile_name": "shop", "target_name": "dev", "node_id": "model.shop.stg_users"} */
alter table "analytics"."public_staging"."stg_users__dbt_tmp" rename to "stg_users"
[0m15:45:42.471205 [debug] [Thread-1 (]: On model.shop.stg_accounts: /* {"app": "dbt", "dbt_version": "1.12.3", "profile_name": "shop", "target_name": "dev", "node_id": "model.shop.stg_accounts"} */
alter table "analytics"."public_staging"."stg_accounts" rename to "stg_accounts__dbt_backup"
[0m15:45:42.474284 [debug] [Thread-1 (]: SQL status: ALTER TABLE in 0.001 seconds
[0m15:45:42.474881 [debug] [Thread-2 (]: SQL status: ALTER TABLE in 0.002 seconds
[0m15:45:42.477960 [debug] [Thread-1 (]: Using postgres connection "model.shop.stg_accounts"
[0m15:45:42.495100 [debug] [Thread-1 (]: On model.shop.stg_accounts: /* {"app": "dbt", "dbt_version": "1.12.3", "profile_name": "shop", "target_name": "dev", "node_id": "model.shop.stg_accounts"} */
alter table "analytics"."public_staging"."stg_accounts__dbt_tmp" rename to "stg_accounts"
[0m15:45:42.503081 [debug] [Thread-2 (]: On model.shop.stg_users: COMMIT
[0m15:45:42.503673 [debug] [Thread-1 (]: SQL status: ALTER TABLE in 0.001 seconds
[0m15:45:42.504177 [debug] [Thread-2 (]: Using postgres connection "model.shop.stg_users"
[0m15:45:42.506583 [debug] [Thread-1 (]: On model.shop.stg_accounts: COMMIT
[0m15:45:42.507359 [debug] [Thread-2 (]: On model.shop.stg_users: COMMIT
[0m15:45:42.508207 [debug] [Thread-1 (]: Using postgres connection "model.shop.stg_accounts"
[0m15:45:42.509109 [debug] [Thread-1 (]: On model.shop.stg_accounts: COMMIT
[0m15:45:42.510411 [debug] [Thread-2 (]: SQL status: COMMIT in 0.001 seconds
[0m15:45:42.511066 [debug] [Thread-1 (]: SQL status: COMMIT in 0.001 seconds
[0m15:45:42.533739 [debug] [Thread-2 (]: Applying DROP to: "analytics"."public_staging"."stg_users__dbt_backup"
[0m15:45:42.536772 [debug] [Thread-1 (]: Applying DROP to: "analytics"."public_staging"."stg_accounts__dbt_backup"
[0m15:45:42.546498 [debug] [Thread-2 (]: Using postgres connection "model.shop.stg_users"
[0m15:45:42.548357 [debug] [Thread-1 (]: Using postgres connection "model.shop.stg_accounts"
[0m15:45:42.549304 [debug] [Thread-2 (]: On model.shop.stg_users: /* {"app": "dbt", "dbt_version": "1.12.3", "profile_name": "shop", "target_name": "dev", "node_id": "model.shop.stg_users"} */
drop view if exists "analytics"."public_staging"."stg_users__dbt_backup" cascade
[0m15:45:42.550452 [debug] [Thread-1 (]: On model.shop.stg_accounts: /* {"app": "dbt", "dbt_version": "1.12.3", "profile_name": "shop", "target_name": "dev", "node_id": "model.shop.stg_accounts"} */
drop view if exists "analytics"."public_staging"."stg_accounts__dbt_backup" cascade
[0m15:45:42.561831 [debug] [Thread-1 (]: SQL status: DROP VIEW in 0.009 seconds
[0m15:45:42.563847 [debug] [Thread-2 (]: SQL status: DROP VIEW in 0.012 seconds
[0m15:45:42.570111 [debug] [Thread-1 (]: On model.shop.stg_accounts: Close
[0m15:45:42.572630 [debug] [Thread-2 (]: On model.shop.stg_users: Close
[0m15:45:42.578122 [debug] [Thread-1 (]: Sending event: {'category': 'dbt', 'action': 'run_model', 'label': '46b58742-205c-4ea1-b043-f329549a254c', 'context': [<snowplow_tracker.self_describing_json.SelfDescribingJson object at 0xffff7d530d70>]}
[0m15:45:42.579346 [debug] [Thread-2 (]: Sending event: {'category': 'dbt', 'action': 'run_model', 'label': '46b58742-205c-4ea1-b043-f329549a254c', 'context': [<snowplow_tracker.self_describing_json.SelfDescribingJson object at 0xffff77d90f20>]}
[0m15:45:42.580681 [info ] [Thread-1 (]: 1 of 2 OK created sql view model public_staging.stg_accounts ................... [[32mCREATE VIEW[0m in 0.27s]
[0m15:45:42.582933 [info ] [Thread-2 (]: 2 of 2 OK created sql view model public_staging.stg_users ...................... [[32mCREATE VIEW[0m in 0.28s]
[0m15:45:42.584361 [debug] [Thread-1 (]: Finished running node model.shop.stg_accounts
[0m15:45:42.585285 [debug] [Thread-2 (]: Finished running node model.shop.stg_users
[0m15:45:42.590786 [debug] [MainThread]: Using postgres connection "master"
[0m15:45:42.592325 [debug] [MainThread]: On master: BEGIN
[0m15:45:42.593139 [debug] [MainThread]: Opening a new connection, currently in state closed
[0m15:45:42.616894 [debug] [MainThread]: SQL status: BEGIN in 0.024 seconds
[0m15:45:42.618111 [debug] [MainThread]: On master: COMMIT
[0m15:45:42.619129 [debug] [MainThread]: Using postgres connection "master"
[0m15:45:42.620208 [debug] [MainThread]: On master: COMMIT
[0m15:45:42.621461 [debug] [MainThread]: SQL status: COMMIT in 0.000 seconds
[0m15:45:42.622428 [debug] [MainThread]: On master: Close
[0m15:45:42.624261 [debug] [MainThread]: Connection 'master' was properly closed.
[0m15:45:42.625628 [debug] [MainThread]: Connection 'model.shop.stg_accounts' was properly closed.
[0m15:45:42.627230 [debug] [MainThread]: Connection 'model.shop.stg_users' was properly closed.
[0m15:45:42.628739 [info ] [MainThread]: 
[0m15:45:42.630403 [info ] [MainThread]: Finished running 2 view models in 0 hours 0 minutes and 0.74 seconds (0.74s).
[0m15:45:42.632599 [debug] [MainThread]: Command end result
[0m15:45:42.698881 [debug] [MainThread]: Wrote artifact WritableManifest to /tmp/dbt_target/manifest.json
[0m15:45:42.714380 [debug] [MainThread]: Wrote artifact SemanticManifest to /tmp/dbt_target/semantic_manifest.json
[0m15:45:42.722932 [debug] [MainThread]: Wrote artifact OsiDocument to /tmp/dbt_target/osi_document.json
[0m15:45:42.744415 [debug] [MainThread]: Wrote artifact RunExecutionResult to /tmp/dbt_target/run_results.json
[0m15:45:42.748231 [info ] [MainThread]: 
[0m15:45:42.750860 [info ] [MainThread]: [32mCompleted successfully[0m
[0m15:45:42.755485 [info ] [MainThread]: 
[0m15:45:42.758203 [info ] [MainThread]: Done. PASS=2 WARN=0 ERROR=0 SKIP=0 NO-OP=0 REUSED=0 TOTAL=2
[0m15:45:42.762932 [warn ] [MainThread]: [[33mWARNING[0m][DeprecationsSummary]: Deprecated functionality
Summary of encountered deprecations:
- ConfigTargetPathDeprecation: 1 occurrence
To see all deprecation instances instead of just the first occurrence of each,
run command again with the `--show-all-deprecations` flag. You may also need to
run with `--no-partial-parse` as some deprecations are only encountered during
parsing.
[0m15:45:42.768129 [debug] [MainThread]: Resource report: {"command_name": "run", "command_success": true, "command_wall_clock_time": 3.2225168, "process_in_blocks": "976", "process_kernel_time": 1.971937, "process_mem_max_rss": "137312", "process_out_blocks": "2305", "process_user_time": 8.357901}
[0m15:45:42.772208 [debug] [MainThread]: Command `dbt run` succeeded at 15:45:42.770607 after 3.23 seconds
[0m15:45:42.775529 [debug] [MainThread]: Sending event: {'category': 'dbt', 'action': 'invocation', 'label': 'end', 'context': [<snowplow_tracker.self_describing_json.SelfDescribingJson object at 0xffff77d72900>, <snowplow_tracker.self_describing_json.SelfDescribingJson object at 0xffff78ce80b0>, <snowplow_tracker.self_describing_json.SelfDescribingJson object at 0xffff78ad0dd0>]}
[0m15:45:42.777040 [debug] [MainThread]: Flushing usage events
[0m15:45:44.290255 [debug] [MainThread]: An error was encountered while trying to flush usage events
[0m15:45:50.644767 [debug] [MainThread]: Sending event: {'category': 'dbt', 'action': 'invocation', 'label': 'start', 'context': [<snowplow_tracker.self_describing_json.SelfDescribingJson object at 0xffffb1ce3740>, <snowplow_tracker.self_describing_json.SelfDescribingJson object at 0xffffb2883770>, <snowplow_tracker.self_describing_json.SelfDescribingJson object at 0xffffb4fca7e0>]}


============================== 15:45:50.657758 | 7def93a7-02dc-45c6-a88a-814c9df6b8df ==============================
[0m15:45:50.657758 [info ] [MainThread]: Running with dbt=1.12.3
[0m15:45:50.658963 [debug] [MainThread]: running dbt with arguments {'log_format': 'default', 'debug': 'False', 'invocation_command': 'dbt run --select marts', 'use_experimental_parser': 'False', 'warn_error_options': 'WarnErrorOptionsV2(error=[], warn=[], silence=[])', 'no_print': 'None', 'indirect_selection': 'eager', 'use_colors': 'True', 'printer_width': '80', 'warn_error': 'None', 'fail_fast': 'False', 'static_parser': 'True', 'introspect': 'True', 'send_anonymous_usage_stats': 'True', 'log_path': '/opt/airflow/dbt/logs', 'write_json': 'True', 'log_cache_events': 'False', 'partial_parse': 'True', 'target_path': 'None', 'empty': 'False', 'profiles_dir': '/opt/airflow/dbt', 'hints_enabled': 'True', 'quiet': 'False', 'version_check': 'True', 'maximum_seed_size_mib': '1', 'cache_selected_only': 'False'}
[0m15:45:50.757531 [warn ] [MainThread]: [[33mWARNING[0m]: Deprecated functionality
The `target-path` config in `dbt_project.yml` has been deprecated, and will no
longer be supported in a future version of dbt-core. If you wish to write dbt
artifacts to a custom directory, please use the --target-path CLI flag or
DBT_TARGET_PATH env var instead.
[0m15:45:50.758840 [debug] [MainThread]: Sending event: {'category': 'dbt', 'action': 'deprecation', 'label': '7def93a7-02dc-45c6-a88a-814c9df6b8df', 'property_': 'warn', 'context': [<snowplow_tracker.self_describing_json.SelfDescribingJson object at 0xffffb1c35f10>]}
[0m15:45:51.090493 [debug] [MainThread]: Sending event: {'category': 'dbt', 'action': 'project_id', 'label': '7def93a7-02dc-45c6-a88a-814c9df6b8df', 'context': [<snowplow_tracker.self_describing_json.SelfDescribingJson object at 0xffffb1cf0260>]}
[0m15:45:51.264249 [debug] [MainThread]: Sending event: {'category': 'dbt', 'action': 'adapter_info', 'label': '7def93a7-02dc-45c6-a88a-814c9df6b8df', 'context': [<snowplow_tracker.self_describing_json.SelfDescribingJson object at 0xffffb2e942c0>]}
[0m15:45:51.269539 [info ] [MainThread]: Registered adapter: postgres=1.9.0
[0m15:45:51.538797 [debug] [MainThread]: checksum: 4b36912b5a065d7176771ed2b61a3a5a7fc50891988c2c27a9a0397379b06a23, vars: {}, profile: shop, target: dev, version: 1.12.3
[0m15:45:52.086401 [debug] [MainThread]: Partial parsing enabled: 0 files deleted, 0 files added, 0 files changed.
[0m15:45:52.087827 [debug] [MainThread]: Nothing changed, skipping partial parsing.
[0m15:45:52.088810 [debug] [MainThread]: Partial parsing enabled, no changes found, skipping parsing
[0m15:45:52.134730 [debug] [MainThread]: Sending event: {'category': 'dbt', 'action': 'load_project', 'label': '7def93a7-02dc-45c6-a88a-814c9df6b8df', 'context': [<snowplow_tracker.self_describing_json.SelfDescribingJson object at 0xffffb5275190>]}
[0m15:45:52.606604 [debug] [MainThread]: Wrote artifact WritableManifest to /tmp/dbt_target/manifest.json
[0m15:45:52.637288 [debug] [MainThread]: Wrote artifact SemanticManifest to /tmp/dbt_target/semantic_manifest.json
[0m15:45:52.674919 [debug] [MainThread]: Wrote artifact OsiDocument to /tmp/dbt_target/osi_document.json
[0m15:45:52.717782 [debug] [MainThread]: Sending event: {'category': 'dbt', 'action': 'resource_counts', 'label': '7def93a7-02dc-45c6-a88a-814c9df6b8df', 'context': [<snowplow_tracker.self_describing_json.SelfDescribingJson object at 0xffffb0525f40>]}
[0m15:45:52.719636 [info ] [MainThread]: Found 3 models, 4 data tests, 2 sources, 1 exposure, 475 macros
[0m15:45:52.720713 [debug] [MainThread]: Sending event: {'category': 'dbt', 'action': 'runnable_timing', 'label': '7def93a7-02dc-45c6-a88a-814c9df6b8df', 'context': [<snowplow_tracker.self_describing_json.SelfDescribingJson object at 0xffffb0969e20>]}
[0m15:45:52.726091 [info ] [MainThread]: 
[0m15:45:52.727339 [info ] [MainThread]: Concurrency: 4 threads (target='dev')
[0m15:45:52.728057 [info ] [MainThread]: 
[0m15:45:52.730072 [debug] [MainThread]: Acquiring new postgres connection 'master'
[0m15:45:52.733478 [debug] [ThreadPool]: Acquiring new postgres connection 'list_analytics'
[0m15:45:52.823773 [debug] [ThreadPool]: Using postgres connection "list_analytics"
[0m15:45:52.825828 [debug] [ThreadPool]: On list_analytics: /* {"app": "dbt", "dbt_version": "1.12.3", "profile_name": "shop", "target_name": "dev", "connection_name": "list_analytics"} */

    select distinct nspname from pg_namespace
  
[0m15:45:52.828900 [debug] [ThreadPool]: Opening a new connection, currently in state init
[0m15:45:52.878924 [debug] [ThreadPool]: SQL status: SELECT 9 in 0.050 seconds
[0m15:45:52.889252 [debug] [ThreadPool]: On list_analytics: Close
[0m15:45:52.900167 [debug] [ThreadPool]: Re-using an available connection from the pool (formerly list_analytics, now list_analytics_public_marts)
[0m15:45:52.908040 [debug] [ThreadPool]: Acquiring new postgres connection 'list_analytics_public_staging'
[0m15:45:52.914936 [debug] [ThreadPool]: Using postgres connection "list_analytics_public_marts"
[0m15:45:52.917575 [debug] [ThreadPool]: Using postgres connection "list_analytics_public_staging"
[0m15:45:52.921260 [debug] [ThreadPool]: On list_analytics_public_staging: BEGIN
[0m15:45:52.919965 [debug] [ThreadPool]: On list_analytics_public_marts: BEGIN
[0m15:45:52.922308 [debug] [ThreadPool]: Opening a new connection, currently in state init
[0m15:45:52.923984 [debug] [ThreadPool]: Opening a new connection, currently in state closed
[0m15:45:52.946932 [debug] [ThreadPool]: SQL status: BEGIN in 0.025 seconds
[0m15:45:52.948669 [debug] [ThreadPool]: Using postgres connection "list_analytics_public_staging"
[0m15:45:52.949689 [debug] [ThreadPool]: On list_analytics_public_staging: /* {"app": "dbt", "dbt_version": "1.12.3", "profile_name": "shop", "target_name": "dev", "connection_name": "list_analytics_public_staging"} */
select
      'analytics' as database,
      tablename as name,
      schemaname as schema,
      'table' as type
    from pg_tables
    where schemaname ilike 'public_staging'
    union all
    select
      'analytics' as database,
      viewname as name,
      schemaname as schema,
      'view' as type
    from pg_views
    where schemaname ilike 'public_staging'
    union all
    select
      'analytics' as database,
      matviewname as name,
      schemaname as schema,
      'materialized_view' as type
    from pg_matviews
    where schemaname ilike 'public_staging'
  
[0m15:45:52.957450 [debug] [ThreadPool]: SQL status: SELECT 2 in 0.006 seconds
[0m15:45:52.960439 [debug] [ThreadPool]: On list_analytics_public_staging: ROLLBACK
[0m15:45:52.961858 [debug] [ThreadPool]: On list_analytics_public_staging: Close
[0m15:45:52.967470 [debug] [ThreadPool]: SQL status: BEGIN in 0.043 seconds
[0m15:45:52.969108 [debug] [ThreadPool]: Using postgres connection "list_analytics_public_marts"
[0m15:45:52.970669 [debug] [ThreadPool]: On list_analytics_public_marts: /* {"app": "dbt", "dbt_version": "1.12.3", "profile_name": "shop", "target_name": "dev", "connection_name": "list_analytics_public_marts"} */
select
      'analytics' as database,
      tablename as name,
      schemaname as schema,
      'table' as type
    from pg_tables
    where schemaname ilike 'public_marts'
    union all
    select
      'analytics' as database,
      viewname as name,
      schemaname as schema,
      'view' as type
    from pg_views
    where schemaname ilike 'public_marts'
    union all
    select
      'analytics' as database,
      matviewname as name,
      schemaname as schema,
      'materialized_view' as type
    from pg_matviews
    where schemaname ilike 'public_marts'
  
[0m15:45:52.982419 [debug] [ThreadPool]: SQL status: SELECT 1 in 0.011 seconds
[0m15:45:52.985098 [debug] [ThreadPool]: On list_analytics_public_marts: ROLLBACK
[0m15:45:52.986606 [debug] [ThreadPool]: On list_analytics_public_marts: Close
[0m15:45:52.993740 [debug] [MainThread]: Using postgres connection "master"
[0m15:45:52.994756 [debug] [MainThread]: On master: BEGIN
[0m15:45:52.995747 [debug] [MainThread]: Opening a new connection, currently in state init
[0m15:45:53.015528 [debug] [MainThread]: SQL status: BEGIN in 0.020 seconds
[0m15:45:53.016586 [debug] [MainThread]: Using postgres connection "master"
[0m15:45:53.017425 [debug] [MainThread]: On master: /* {"app": "dbt", "dbt_version": "1.12.3", "profile_name": "shop", "target_name": "dev", "connection_name": "master"} */
with relation as (
        select
            pg_rewrite.ev_class as class,
            pg_rewrite.oid as id
        from pg_rewrite
    ),
    class as (
        select
            oid as id,
            relname as name,
            relnamespace as schema,
            relkind as kind
        from pg_class
    ),
    dependency as (
        select distinct
            pg_depend.objid as id,
            pg_depend.refobjid as ref
        from pg_depend
    ),
    schema as (
        select
            pg_namespace.oid as id,
            pg_namespace.nspname as name
        from pg_namespace
        where nspname != 'information_schema' and nspname not like 'pg\_%'
    ),
    referenced as (
        select
            relation.id AS id,
            referenced_class.name ,
            referenced_class.schema ,
            referenced_class.kind
        from relation
        join class as referenced_class on relation.class=referenced_class.id
        where referenced_class.kind in ('r', 'v', 'm')
    ),
    relationships as (
        select
            referenced.name as referenced_name,
            referenced.schema as referenced_schema_id,
            dependent_class.name as dependent_name,
            dependent_class.schema as dependent_schema_id,
            referenced.kind as kind
        from referenced
        join dependency on referenced.id=dependency.id
        join class as dependent_class on dependency.ref=dependent_class.id
        where
            (referenced.name != dependent_class.name or
             referenced.schema != dependent_class.schema)
    )

    select
        referenced_schema.name as referenced_schema,
        relationships.referenced_name as referenced_name,
        dependent_schema.name as dependent_schema,
        relationships.dependent_name as dependent_name
    from relationships
    join schema as dependent_schema on relationships.dependent_schema_id=dependent_schema.id
    join schema as referenced_schema on relationships.referenced_schema_id=referenced_schema.id
    group by referenced_schema, referenced_name, dependent_schema, dependent_name
    order by referenced_schema, referenced_name, dependent_schema, dependent_name;
[0m15:45:53.025243 [debug] [MainThread]: SQL status: SELECT 2 in 0.007 seconds
[0m15:45:53.028035 [debug] [MainThread]: Sending event: {'category': 'dbt', 'action': 'runnable_timing', 'label': '7def93a7-02dc-45c6-a88a-814c9df6b8df', 'context': [<snowplow_tracker.self_describing_json.SelfDescribingJson object at 0xffffb1c6c7d0>]}
[0m15:45:53.029305 [debug] [MainThread]: On master: ROLLBACK
[0m15:45:53.030586 [debug] [MainThread]: Using postgres connection "master"
[0m15:45:53.031450 [debug] [MainThread]: On master: BEGIN
[0m15:45:53.034949 [debug] [MainThread]: SQL status: BEGIN in 0.001 seconds
[0m15:45:53.036067 [debug] [MainThread]: On master: COMMIT
[0m15:45:53.036878 [debug] [MainThread]: Using postgres connection "master"
[0m15:45:53.037512 [debug] [MainThread]: On master: COMMIT
[0m15:45:53.038494 [debug] [MainThread]: SQL status: COMMIT in 0.000 seconds
[0m15:45:53.039282 [debug] [MainThread]: On master: Close
[0m15:45:53.052184 [debug] [Thread-1 (]: Began running node model.shop.dim_customer
[0m15:45:53.053747 [info ] [Thread-1 (]: 1 of 1 START sql table model public_marts.dim_customer ......................... [RUN]
[0m15:45:53.055238 [debug] [Thread-1 (]: Re-using an available connection from the pool (formerly list_analytics_public_marts, now model.shop.dim_customer)
[0m15:45:53.056227 [debug] [Thread-1 (]: Began compiling node model.shop.dim_customer
[0m15:45:53.069158 [debug] [Thread-1 (]: Writing injected SQL for node "model.shop.dim_customer"
[0m15:45:53.073369 [debug] [Thread-1 (]: Began executing node model.shop.dim_customer
[0m15:45:53.168082 [debug] [Thread-1 (]: Writing runtime sql for node "model.shop.dim_customer"
[0m15:45:53.170660 [debug] [Thread-1 (]: Using postgres connection "model.shop.dim_customer"
[0m15:45:53.171538 [debug] [Thread-1 (]: On model.shop.dim_customer: BEGIN
[0m15:45:53.172287 [debug] [Thread-1 (]: Opening a new connection, currently in state closed
[0m15:45:53.192573 [debug] [Thread-1 (]: SQL status: BEGIN in 0.019 seconds
[0m15:45:53.195241 [debug] [Thread-1 (]: Using postgres connection "model.shop.dim_customer"
[0m15:45:53.197507 [debug] [Thread-1 (]: On model.shop.dim_customer: /* {"app": "dbt", "dbt_version": "1.12.3", "profile_name": "shop", "target_name": "dev", "node_id": "model.shop.dim_customer"} */

  
    

  create  table "analytics"."public_marts"."dim_customer__dbt_tmp"
  
  
    as
  
  (
    SELECT
    a.customer_id,
    a.name,
    COUNT(u.user_id) AS user_count
FROM "analytics"."public_staging"."stg_accounts" a
LEFT JOIN "analytics"."public_staging"."stg_users" u ON u.account_id = a.customer_id
GROUP BY 1, 2
  );
  
[0m15:45:53.214761 [debug] [Thread-1 (]: SQL status: SELECT 3 in 0.016 seconds
[0m15:45:53.249732 [debug] [Thread-1 (]: Using postgres connection "model.shop.dim_customer"
[0m15:45:53.251853 [debug] [Thread-1 (]: On model.shop.dim_customer: /* {"app": "dbt", "dbt_version": "1.12.3", "profile_name": "shop", "target_name": "dev", "node_id": "model.shop.dim_customer"} */
alter table "analytics"."public_marts"."dim_customer" rename to "dim_customer__dbt_backup"
[0m15:45:53.254412 [debug] [Thread-1 (]: SQL status: ALTER TABLE in 0.001 seconds
[0m15:45:53.268614 [debug] [Thread-1 (]: Using postgres connection "model.shop.dim_customer"
[0m15:45:53.270525 [debug] [Thread-1 (]: On model.shop.dim_customer: /* {"app": "dbt", "dbt_version": "1.12.3", "profile_name": "shop", "target_name": "dev", "node_id": "model.shop.dim_customer"} */
alter table "analytics"."public_marts"."dim_customer__dbt_tmp" rename to "dim_customer"
[0m15:45:53.273545 [debug] [Thread-1 (]: SQL status: ALTER TABLE in 0.001 seconds
[0m15:45:53.386653 [debug] [Thread-1 (]: On model.shop.dim_customer: COMMIT
[0m15:45:53.399868 [debug] [Thread-1 (]: Using postgres connection "model.shop.dim_customer"
[0m15:45:53.401819 [debug] [Thread-1 (]: On model.shop.dim_customer: COMMIT
[0m15:45:53.415839 [debug] [Thread-1 (]: SQL status: COMMIT in 0.011 seconds
[0m15:45:53.455851 [debug] [Thread-1 (]: Applying DROP to: "analytics"."public_marts"."dim_customer__dbt_backup"
[0m15:45:53.491561 [debug] [Thread-1 (]: Using postgres connection "model.shop.dim_customer"
[0m15:45:53.494181 [debug] [Thread-1 (]: On model.shop.dim_customer: /* {"app": "dbt", "dbt_version": "1.12.3", "profile_name": "shop", "target_name": "dev", "node_id": "model.shop.dim_customer"} */
drop table if exists "analytics"."public_marts"."dim_customer__dbt_backup" cascade
[0m15:45:53.584374 [debug] [Thread-1 (]: SQL status: DROP TABLE in 0.083 seconds
[0m15:45:53.600451 [debug] [Thread-1 (]: On model.shop.dim_customer: Close
[0m15:45:53.619184 [debug] [Thread-1 (]: Sending event: {'category': 'dbt', 'action': 'run_model', 'label': '7def93a7-02dc-45c6-a88a-814c9df6b8df', 'context': [<snowplow_tracker.self_describing_json.SelfDescribingJson object at 0xffffb2fa8050>]}
[0m15:45:53.623313 [info ] [Thread-1 (]: 1 of 1 OK created sql table model public_marts.dim_customer .................... [[32mSELECT 3[0m in 0.55s]
[0m15:45:53.627880 [debug] [Thread-1 (]: Finished running node model.shop.dim_customer
[0m15:45:53.644512 [debug] [MainThread]: Using postgres connection "master"
[0m15:45:53.647631 [debug] [MainThread]: On master: BEGIN
[0m15:45:53.649253 [debug] [MainThread]: Opening a new connection, currently in state closed
[0m15:45:53.682452 [debug] [MainThread]: SQL status: BEGIN in 0.033 seconds
[0m15:45:53.685227 [debug] [MainThread]: On master: COMMIT
[0m15:45:53.690673 [debug] [MainThread]: Using postgres connection "master"
[0m15:45:53.692437 [debug] [MainThread]: On master: COMMIT
[0m15:45:53.694978 [debug] [MainThread]: SQL status: COMMIT in 0.001 seconds
[0m15:45:53.697592 [debug] [MainThread]: On master: Close
[0m15:45:53.703395 [debug] [MainThread]: Connection 'master' was properly closed.
[0m15:45:53.708776 [debug] [MainThread]: Connection 'model.shop.dim_customer' was properly closed.
[0m15:45:53.710089 [debug] [MainThread]: Connection 'list_analytics_public_staging' was properly closed.
[0m15:45:53.715819 [info ] [MainThread]: 
[0m15:45:53.718252 [info ] [MainThread]: Finished running 1 table model in 0 hours 0 minutes and 0.99 seconds (0.99s).
[0m15:45:53.724744 [debug] [MainThread]: Command end result
[0m15:45:53.840300 [debug] [MainThread]: Wrote artifact WritableManifest to /tmp/dbt_target/manifest.json
[0m15:45:53.853198 [debug] [MainThread]: Wrote artifact SemanticManifest to /tmp/dbt_target/semantic_manifest.json
[0m15:45:53.860907 [debug] [MainThread]: Wrote artifact OsiDocument to /tmp/dbt_target/osi_document.json
[0m15:45:53.900004 [debug] [MainThread]: Wrote artifact RunExecutionResult to /tmp/dbt_target/run_results.json
[0m15:45:53.901719 [info ] [MainThread]: 
[0m15:45:53.904776 [info ] [MainThread]: [32mCompleted successfully[0m
[0m15:45:53.907409 [info ] [MainThread]: 
[0m15:45:53.913714 [info ] [MainThread]: Done. PASS=1 WARN=0 ERROR=0 SKIP=0 NO-OP=0 REUSED=0 TOTAL=1
[0m15:45:53.922461 [warn ] [MainThread]: [[33mWARNING[0m][DeprecationsSummary]: Deprecated functionality
Summary of encountered deprecations:
- ConfigTargetPathDeprecation: 1 occurrence
To see all deprecation instances instead of just the first occurrence of each,
run command again with the `--show-all-deprecations` flag. You may also need to
run with `--no-partial-parse` as some deprecations are only encountered during
parsing.
[0m15:45:53.942587 [debug] [MainThread]: Resource report: {"command_name": "run", "command_success": true, "command_wall_clock_time": 3.4676867, "process_in_blocks": "0", "process_kernel_time": 0.982192, "process_mem_max_rss": "136432", "process_out_blocks": "2275", "process_user_time": 6.541399}
[0m15:45:53.946501 [debug] [MainThread]: Command `dbt run` succeeded at 15:45:53.946010 after 3.47 seconds
[0m15:45:53.954559 [debug] [MainThread]: Sending event: {'category': 'dbt', 'action': 'invocation', 'label': 'end', 'context': [<snowplow_tracker.self_describing_json.SelfDescribingJson object at 0xffffb2883770>, <snowplow_tracker.self_describing_json.SelfDescribingJson object at 0xffffb28b1910>, <snowplow_tracker.self_describing_json.SelfDescribingJson object at 0xffffb0507710>]}
[0m15:45:53.956529 [debug] [MainThread]: Flushing usage events
[0m15:45:57.784409 [debug] [MainThread]: An error was encountered while trying to flush usage events
[0m15:46:21.452545 [debug] [MainThread]: Sending event: {'category': 'dbt', 'action': 'invocation', 'label': 'start', 'context': [<snowplow_tracker.self_describing_json.SelfDescribingJson object at 0xffff9ce250d0>, <snowplow_tracker.self_describing_json.SelfDescribingJson object at 0xffff9ddd7cb0>, <snowplow_tracker.self_describing_json.SelfDescribingJson object at 0xffff9e250d40>]}


============================== 15:46:21.475172 | 93b5b8ff-cbf5-4cd6-809f-275ce32cd7b4 ==============================
[0m15:46:21.475172 [info ] [MainThread]: Running with dbt=1.12.3
[0m15:46:21.476661 [debug] [MainThread]: running dbt with arguments {'quiet': 'False', 'profiles_dir': '/opt/airflow/dbt', 'log_cache_events': 'False', 'use_colors': 'True', 'introspect': 'True', 'debug': 'False', 'log_path': '/opt/airflow/dbt/logs', 'warn_error': 'None', 'printer_width': '80', 'send_anonymous_usage_stats': 'True', 'target_path': 'None', 'use_experimental_parser': 'False', 'hints_enabled': 'True', 'maximum_seed_size_mib': '1', 'static_parser': 'True', 'fail_fast': 'False', 'warn_error_options': 'WarnErrorOptionsV2(error=[], warn=[], silence=[])', 'indirect_selection': 'eager', 'log_format': 'default', 'empty': 'None', 'version_check': 'True', 'invocation_command': 'dbt test', 'cache_selected_only': 'False', 'no_print': 'None', 'partial_parse': 'True', 'write_json': 'True'}
[0m15:46:21.566738 [warn ] [MainThread]: [[33mWARNING[0m]: Deprecated functionality
The `target-path` config in `dbt_project.yml` has been deprecated, and will no
longer be supported in a future version of dbt-core. If you wish to write dbt
artifacts to a custom directory, please use the --target-path CLI flag or
DBT_TARGET_PATH env var instead.
[0m15:46:21.567692 [debug] [MainThread]: Sending event: {'category': 'dbt', 'action': 'deprecation', 'label': '93b5b8ff-cbf5-4cd6-809f-275ce32cd7b4', 'property_': 'warn', 'context': [<snowplow_tracker.self_describing_json.SelfDescribingJson object at 0xffff9e250d40>]}
[0m15:46:21.723059 [debug] [MainThread]: Sending event: {'category': 'dbt', 'action': 'project_id', 'label': '93b5b8ff-cbf5-4cd6-809f-275ce32cd7b4', 'context': [<snowplow_tracker.self_describing_json.SelfDescribingJson object at 0xffff9cfe66f0>]}
[0m15:46:21.909378 [debug] [MainThread]: Sending event: {'category': 'dbt', 'action': 'adapter_info', 'label': '93b5b8ff-cbf5-4cd6-809f-275ce32cd7b4', 'context': [<snowplow_tracker.self_describing_json.SelfDescribingJson object at 0xffff9cfe68a0>]}
[0m15:46:21.913020 [info ] [MainThread]: Registered adapter: postgres=1.9.0
[0m15:46:22.341631 [debug] [MainThread]: checksum: 4b36912b5a065d7176771ed2b61a3a5a7fc50891988c2c27a9a0397379b06a23, vars: {}, profile: shop, target: dev, version: 1.12.3
[0m15:46:22.762878 [debug] [MainThread]: Partial parsing enabled: 0 files deleted, 0 files added, 0 files changed.
[0m15:46:22.764217 [debug] [MainThread]: Nothing changed, skipping partial parsing.
[0m15:46:22.764923 [debug] [MainThread]: Partial parsing enabled, no changes found, skipping parsing
[0m15:46:22.784968 [debug] [MainThread]: Sending event: {'category': 'dbt', 'action': 'load_project', 'label': '93b5b8ff-cbf5-4cd6-809f-275ce32cd7b4', 'context': [<snowplow_tracker.self_describing_json.SelfDescribingJson object at 0xffff9ba241d0>]}
[0m15:46:23.073934 [debug] [MainThread]: Wrote artifact WritableManifest to /tmp/dbt_target/manifest.json
[0m15:46:23.081036 [debug] [MainThread]: Wrote artifact SemanticManifest to /tmp/dbt_target/semantic_manifest.json
[0m15:46:23.103888 [debug] [MainThread]: Wrote artifact OsiDocument to /tmp/dbt_target/osi_document.json
[0m15:46:23.154147 [debug] [MainThread]: Sending event: {'category': 'dbt', 'action': 'resource_counts', 'label': '93b5b8ff-cbf5-4cd6-809f-275ce32cd7b4', 'context': [<snowplow_tracker.self_describing_json.SelfDescribingJson object at 0xffff9b497d40>]}
[0m15:46:23.155332 [info ] [MainThread]: Found 3 models, 4 data tests, 2 sources, 1 exposure, 475 macros
[0m15:46:23.156147 [debug] [MainThread]: Sending event: {'category': 'dbt', 'action': 'runnable_timing', 'label': '93b5b8ff-cbf5-4cd6-809f-275ce32cd7b4', 'context': [<snowplow_tracker.self_describing_json.SelfDescribingJson object at 0xffff9b4976e0>]}
[0m15:46:23.162291 [info ] [MainThread]: 
[0m15:46:23.163126 [info ] [MainThread]: Concurrency: 4 threads (target='dev')
[0m15:46:23.163744 [info ] [MainThread]: 
[0m15:46:23.164789 [debug] [MainThread]: Acquiring new postgres connection 'master'
[0m15:46:23.171186 [debug] [ThreadPool]: Acquiring new postgres connection 'list_analytics_public_marts'
[0m15:46:23.180786 [debug] [ThreadPool]: Acquiring new postgres connection 'list_analytics_public_staging'
[0m15:46:23.226689 [debug] [ThreadPool]: Using postgres connection "list_analytics_public_marts"
[0m15:46:23.227304 [debug] [ThreadPool]: Using postgres connection "list_analytics_public_staging"
[0m15:46:23.227755 [debug] [ThreadPool]: On list_analytics_public_marts: BEGIN
[0m15:46:23.228315 [debug] [ThreadPool]: On list_analytics_public_staging: BEGIN
[0m15:46:23.228785 [debug] [ThreadPool]: Opening a new connection, currently in state init
[0m15:46:23.229303 [debug] [ThreadPool]: Opening a new connection, currently in state init
[0m15:46:23.290267 [debug] [ThreadPool]: SQL status: BEGIN in 0.061 seconds
[0m15:46:23.291709 [debug] [ThreadPool]: SQL status: BEGIN in 0.063 seconds
[0m15:46:23.292262 [debug] [ThreadPool]: Using postgres connection "list_analytics_public_staging"
[0m15:46:23.292893 [debug] [ThreadPool]: Using postgres connection "list_analytics_public_marts"
[0m15:46:23.293573 [debug] [ThreadPool]: On list_analytics_public_staging: /* {"app": "dbt", "dbt_version": "1.12.3", "profile_name": "shop", "target_name": "dev", "connection_name": "list_analytics_public_staging"} */
select
      'analytics' as database,
      tablename as name,
      schemaname as schema,
      'table' as type
    from pg_tables
    where schemaname ilike 'public_staging'
    union all
    select
      'analytics' as database,
      viewname as name,
      schemaname as schema,
      'view' as type
    from pg_views
    where schemaname ilike 'public_staging'
    union all
    select
      'analytics' as database,
      matviewname as name,
      schemaname as schema,
      'materialized_view' as type
    from pg_matviews
    where schemaname ilike 'public_staging'
  
[0m15:46:23.294402 [debug] [ThreadPool]: On list_analytics_public_marts: /* {"app": "dbt", "dbt_version": "1.12.3", "profile_name": "shop", "target_name": "dev", "connection_name": "list_analytics_public_marts"} */
select
      'analytics' as database,
      tablename as name,
      schemaname as schema,
      'table' as type
    from pg_tables
    where schemaname ilike 'public_marts'
    union all
    select
      'analytics' as database,
      viewname as name,
      schemaname as schema,
      'view' as type
    from pg_views
    where schemaname ilike 'public_marts'
    union all
    select
      'analytics' as database,
      matviewname as name,
      schemaname as schema,
      'materialized_view' as type
    from pg_matviews
    where schemaname ilike 'public_marts'
  
[0m15:46:23.304797 [debug] [ThreadPool]: SQL status: SELECT 2 in 0.009 seconds
[0m15:46:23.306535 [debug] [ThreadPool]: SQL status: SELECT 1 in 0.011 seconds
[0m15:46:23.310409 [debug] [ThreadPool]: On list_analytics_public_staging: ROLLBACK
[0m15:46:23.313799 [debug] [ThreadPool]: On list_analytics_public_marts: ROLLBACK
[0m15:46:23.314890 [debug] [ThreadPool]: On list_analytics_public_marts: Close
[0m15:46:23.315371 [debug] [ThreadPool]: On list_analytics_public_staging: Close
[0m15:46:23.326323 [debug] [MainThread]: Using postgres connection "master"
[0m15:46:23.327437 [debug] [MainThread]: On master: BEGIN
[0m15:46:23.328109 [debug] [MainThread]: Opening a new connection, currently in state init
[0m15:46:23.341871 [debug] [MainThread]: SQL status: BEGIN in 0.014 seconds
[0m15:46:23.342601 [debug] [MainThread]: Using postgres connection "master"
[0m15:46:23.343252 [debug] [MainThread]: On master: /* {"app": "dbt", "dbt_version": "1.12.3", "profile_name": "shop", "target_name": "dev", "connection_name": "master"} */
with relation as (
        select
            pg_rewrite.ev_class as class,
            pg_rewrite.oid as id
        from pg_rewrite
    ),
    class as (
        select
            oid as id,
            relname as name,
            relnamespace as schema,
            relkind as kind
        from pg_class
    ),
    dependency as (
        select distinct
            pg_depend.objid as id,
            pg_depend.refobjid as ref
        from pg_depend
    ),
    schema as (
        select
            pg_namespace.oid as id,
            pg_namespace.nspname as name
        from pg_namespace
        where nspname != 'information_schema' and nspname not like 'pg\_%'
    ),
    referenced as (
        select
            relation.id AS id,
            referenced_class.name ,
            referenced_class.schema ,
            referenced_class.kind
        from relation
        join class as referenced_class on relation.class=referenced_class.id
        where referenced_class.kind in ('r', 'v', 'm')
    ),
    relationships as (
        select
            referenced.name as referenced_name,
            referenced.schema as referenced_schema_id,
            dependent_class.name as dependent_name,
            dependent_class.schema as dependent_schema_id,
            referenced.kind as kind
        from referenced
        join dependency on referenced.id=dependency.id
        join class as dependent_class on dependency.ref=dependent_class.id
        where
            (referenced.name != dependent_class.name or
             referenced.schema != dependent_class.schema)
    )

    select
        referenced_schema.name as referenced_schema,
        relationships.referenced_name as referenced_name,
        dependent_schema.name as dependent_schema,
        relationships.dependent_name as dependent_name
    from relationships
    join schema as dependent_schema on relationships.dependent_schema_id=dependent_schema.id
    join schema as referenced_schema on relationships.referenced_schema_id=referenced_schema.id
    group by referenced_schema, referenced_name, dependent_schema, dependent_name
    order by referenced_schema, referenced_name, dependent_schema, dependent_name;
[0m15:46:23.350095 [debug] [MainThread]: SQL status: SELECT 2 in 0.006 seconds
[0m15:46:23.352066 [debug] [MainThread]: Sending event: {'category': 'dbt', 'action': 'runnable_timing', 'label': '93b5b8ff-cbf5-4cd6-809f-275ce32cd7b4', 'context': [<snowplow_tracker.self_describing_json.SelfDescribingJson object at 0xffff9cdbc800>]}
[0m15:46:23.352909 [debug] [MainThread]: On master: ROLLBACK
[0m15:46:23.353824 [debug] [MainThread]: Using postgres connection "master"
[0m15:46:23.354449 [debug] [MainThread]: On master: BEGIN
[0m15:46:23.355462 [debug] [MainThread]: SQL status: BEGIN in 0.000 seconds
[0m15:46:23.356020 [debug] [MainThread]: On master: COMMIT
[0m15:46:23.356503 [debug] [MainThread]: Using postgres connection "master"
[0m15:46:23.356971 [debug] [MainThread]: On master: COMMIT
[0m15:46:23.357582 [debug] [MainThread]: SQL status: COMMIT in 0.000 seconds
[0m15:46:23.358050 [debug] [MainThread]: On master: Close
[0m15:46:23.367422 [debug] [Thread-1 (]: Began running node test.shop.not_null_dim_customer_customer_id.9775012dfc
[0m15:46:23.368114 [debug] [Thread-2 (]: Began running node test.shop.source_not_null_raw_salesforce_account_id.8f28e83114
[0m15:46:23.368761 [debug] [Thread-3 (]: Began running node test.shop.source_unique_raw_salesforce_account_id.24a5be22ce
[0m15:46:23.369428 [info ] [Thread-1 (]: 1 of 4 START test not_null_dim_customer_customer_id ............................ [RUN]
[0m15:46:23.370441 [debug] [Thread-4 (]: Began running node test.shop.unique_dim_customer_customer_id.b42affccd1
[0m15:46:23.371241 [info ] [Thread-2 (]: 2 of 4 START test source_not_null_raw_salesforce_account_id .................... [RUN]
[0m15:46:23.372405 [info ] [Thread-3 (]: 3 of 4 START test source_unique_raw_salesforce_account_id ...................... [RUN]
[0m15:46:23.373399 [debug] [Thread-1 (]: Re-using an available connection from the pool (formerly list_analytics_public_staging, now test.shop.not_null_dim_customer_customer_id.9775012dfc)
[0m15:46:23.374129 [info ] [Thread-4 (]: 4 of 4 START test unique_dim_customer_customer_id .............................. [RUN]
[0m15:46:23.375163 [debug] [Thread-2 (]: Re-using an available connection from the pool (formerly list_analytics_public_marts, now test.shop.source_not_null_raw_salesforce_account_id.8f28e83114)
[0m15:46:23.376152 [debug] [Thread-3 (]: Acquiring new postgres connection 'test.shop.source_unique_raw_salesforce_account_id.24a5be22ce'
[0m15:46:23.376871 [debug] [Thread-1 (]: Began compiling node test.shop.not_null_dim_customer_customer_id.9775012dfc
[0m15:46:23.377797 [debug] [Thread-4 (]: Acquiring new postgres connection 'test.shop.unique_dim_customer_customer_id.b42affccd1'
[0m15:46:23.378476 [debug] [Thread-2 (]: Began compiling node test.shop.source_not_null_raw_salesforce_account_id.8f28e83114
[0m15:46:23.379041 [debug] [Thread-3 (]: Began compiling node test.shop.source_unique_raw_salesforce_account_id.24a5be22ce
[0m15:46:23.395964 [debug] [Thread-4 (]: Began compiling node test.shop.unique_dim_customer_customer_id.b42affccd1
[0m15:46:23.404096 [debug] [Thread-1 (]: Writing injected SQL for node "test.shop.not_null_dim_customer_customer_id.9775012dfc"
[0m15:46:23.413337 [debug] [Thread-2 (]: Writing injected SQL for node "test.shop.source_not_null_raw_salesforce_account_id.8f28e83114"
[0m15:46:23.424927 [debug] [Thread-3 (]: Writing injected SQL for node "test.shop.source_unique_raw_salesforce_account_id.24a5be22ce"
[0m15:46:23.433548 [debug] [Thread-4 (]: Writing injected SQL for node "test.shop.unique_dim_customer_customer_id.b42affccd1"
[0m15:46:23.435417 [debug] [Thread-1 (]: Began executing node test.shop.not_null_dim_customer_customer_id.9775012dfc
[0m15:46:23.436112 [debug] [Thread-2 (]: Began executing node test.shop.source_not_null_raw_salesforce_account_id.8f28e83114
[0m15:46:23.437919 [debug] [Thread-3 (]: Began executing node test.shop.source_unique_raw_salesforce_account_id.24a5be22ce
[0m15:46:23.460647 [debug] [Thread-4 (]: Began executing node test.shop.unique_dim_customer_customer_id.b42affccd1
[0m15:46:23.471481 [debug] [Thread-1 (]: Writing runtime sql for node "test.shop.not_null_dim_customer_customer_id.9775012dfc"
[0m15:46:23.475021 [debug] [Thread-2 (]: Writing runtime sql for node "test.shop.source_not_null_raw_salesforce_account_id.8f28e83114"
[0m15:46:23.478447 [debug] [Thread-3 (]: Writing runtime sql for node "test.shop.source_unique_raw_salesforce_account_id.24a5be22ce"
[0m15:46:23.482541 [debug] [Thread-4 (]: Writing runtime sql for node "test.shop.unique_dim_customer_customer_id.b42affccd1"
[0m15:46:23.485484 [debug] [Thread-1 (]: Using postgres connection "test.shop.not_null_dim_customer_customer_id.9775012dfc"
[0m15:46:23.488622 [debug] [Thread-3 (]: Using postgres connection "test.shop.source_unique_raw_salesforce_account_id.24a5be22ce"
[0m15:46:23.489619 [debug] [Thread-1 (]: On test.shop.not_null_dim_customer_customer_id.9775012dfc: BEGIN
[0m15:46:23.490298 [debug] [Thread-2 (]: Using postgres connection "test.shop.source_not_null_raw_salesforce_account_id.8f28e83114"
[0m15:46:23.491189 [debug] [Thread-4 (]: Using postgres connection "test.shop.unique_dim_customer_customer_id.b42affccd1"
[0m15:46:23.492216 [debug] [Thread-3 (]: On test.shop.source_unique_raw_salesforce_account_id.24a5be22ce: BEGIN
[0m15:46:23.492970 [debug] [Thread-1 (]: Opening a new connection, currently in state closed
[0m15:46:23.493941 [debug] [Thread-2 (]: On test.shop.source_not_null_raw_salesforce_account_id.8f28e83114: BEGIN
[0m15:46:23.494918 [debug] [Thread-4 (]: On test.shop.unique_dim_customer_customer_id.b42affccd1: BEGIN
[0m15:46:23.495676 [debug] [Thread-3 (]: Opening a new connection, currently in state init
[0m15:46:23.497902 [debug] [Thread-2 (]: Opening a new connection, currently in state closed
[0m15:46:23.499495 [debug] [Thread-4 (]: Opening a new connection, currently in state init
[0m15:46:23.525714 [debug] [Thread-1 (]: SQL status: BEGIN in 0.032 seconds
[0m15:46:23.527566 [debug] [Thread-2 (]: SQL status: BEGIN in 0.030 seconds
[0m15:46:23.528279 [debug] [Thread-1 (]: Using postgres connection "test.shop.not_null_dim_customer_customer_id.9775012dfc"
[0m15:46:23.529312 [debug] [Thread-3 (]: SQL status: BEGIN in 0.034 seconds
[0m15:46:23.530616 [debug] [Thread-2 (]: Using postgres connection "test.shop.source_not_null_raw_salesforce_account_id.8f28e83114"
[0m15:46:23.531686 [debug] [Thread-1 (]: On test.shop.not_null_dim_customer_customer_id.9775012dfc: /* {"app": "dbt", "dbt_version": "1.12.3", "profile_name": "shop", "target_name": "dev", "node_id": "test.shop.not_null_dim_customer_customer_id.9775012dfc"} */

    
    select
      count(*) as failures,
      count(*) != 0 as should_warn,
      count(*) != 0 as should_error
    from (
      
    
  
    
    



select customer_id
from "analytics"."public_marts"."dim_customer"
where customer_id is null



  
  
      
    ) dbt_internal_test
[0m15:46:23.532942 [debug] [Thread-3 (]: Using postgres connection "test.shop.source_unique_raw_salesforce_account_id.24a5be22ce"
[0m15:46:23.533746 [debug] [Thread-4 (]: SQL status: BEGIN in 0.034 seconds
[0m15:46:23.534277 [debug] [Thread-2 (]: On test.shop.source_not_null_raw_salesforce_account_id.8f28e83114: /* {"app": "dbt", "dbt_version": "1.12.3", "profile_name": "shop", "target_name": "dev", "node_id": "test.shop.source_not_null_raw_salesforce_account_id.8f28e83114"} */

    
    select
      count(*) as failures,
      count(*) != 0 as should_warn,
      count(*) != 0 as should_error
    from (
      
    
  
    
    



select id
from "analytics"."raw"."salesforce_account"
where id is null



  
  
      
    ) dbt_internal_test
[0m15:46:23.535370 [debug] [Thread-3 (]: On test.shop.source_unique_raw_salesforce_account_id.24a5be22ce: /* {"app": "dbt", "dbt_version": "1.12.3", "profile_name": "shop", "target_name": "dev", "node_id": "test.shop.source_unique_raw_salesforce_account_id.24a5be22ce"} */

    
    select
      count(*) as failures,
      count(*) != 0 as should_warn,
      count(*) != 0 as should_error
    from (
      
    
  
    
    

select
    id as unique_field,
    count(*) as n_records

from "analytics"."raw"."salesforce_account"
where id is not null
group by id
having count(*) > 1



  
  
      
    ) dbt_internal_test
[0m15:46:23.536377 [debug] [Thread-4 (]: Using postgres connection "test.shop.unique_dim_customer_customer_id.b42affccd1"
[0m15:46:23.537230 [debug] [Thread-1 (]: SQL status: SELECT 1 in 0.002 seconds
[0m15:46:23.539102 [debug] [Thread-4 (]: On test.shop.unique_dim_customer_customer_id.b42affccd1: /* {"app": "dbt", "dbt_version": "1.12.3", "profile_name": "shop", "target_name": "dev", "node_id": "test.shop.unique_dim_customer_customer_id.b42affccd1"} */

    
    select
      count(*) as failures,
      count(*) != 0 as should_warn,
      count(*) != 0 as should_error
    from (
      
    
  
    
    

select
    customer_id as unique_field,
    count(*) as n_records

from "analytics"."public_marts"."dim_customer"
where customer_id is not null
group by customer_id
having count(*) > 1



  
  
      
    ) dbt_internal_test
[0m15:46:23.540236 [debug] [Thread-2 (]: SQL status: SELECT 1 in 0.002 seconds
[0m15:46:23.547927 [debug] [Thread-1 (]: On test.shop.not_null_dim_customer_customer_id.9775012dfc: ROLLBACK
[0m15:46:23.548786 [debug] [Thread-3 (]: SQL status: SELECT 1 in 0.010 seconds
[0m15:46:23.551165 [debug] [Thread-4 (]: SQL status: SELECT 1 in 0.002 seconds
[0m15:46:23.553489 [debug] [Thread-2 (]: On test.shop.source_not_null_raw_salesforce_account_id.8f28e83114: ROLLBACK
[0m15:46:23.554691 [debug] [Thread-1 (]: On test.shop.not_null_dim_customer_customer_id.9775012dfc: Close
[0m15:46:23.556839 [debug] [Thread-3 (]: On test.shop.source_unique_raw_salesforce_account_id.24a5be22ce: ROLLBACK
[0m15:46:23.559081 [debug] [Thread-4 (]: On test.shop.unique_dim_customer_customer_id.b42affccd1: ROLLBACK
[0m15:46:23.561312 [info ] [Thread-1 (]: 1 of 4 PASS not_null_dim_customer_customer_id .................................. [[32mPASS[0m in 0.19s]
[0m15:46:23.563063 [debug] [Thread-2 (]: On test.shop.source_not_null_raw_salesforce_account_id.8f28e83114: Close
[0m15:46:23.564264 [debug] [Thread-3 (]: On test.shop.source_unique_raw_salesforce_account_id.24a5be22ce: Close
[0m15:46:23.565112 [debug] [Thread-1 (]: Finished running node test.shop.not_null_dim_customer_customer_id.9775012dfc
[0m15:46:23.565652 [debug] [Thread-4 (]: On test.shop.unique_dim_customer_customer_id.b42affccd1: Close
[0m15:46:23.566941 [info ] [Thread-2 (]: 2 of 4 PASS source_not_null_raw_salesforce_account_id .......................... [[32mPASS[0m in 0.19s]
[0m15:46:23.568564 [info ] [Thread-3 (]: 3 of 4 PASS source_unique_raw_salesforce_account_id ............................ [[32mPASS[0m in 0.19s]
[0m15:46:23.570622 [info ] [Thread-4 (]: 4 of 4 PASS unique_dim_customer_customer_id .................................... [[32mPASS[0m in 0.19s]
[0m15:46:23.571762 [debug] [Thread-2 (]: Finished running node test.shop.source_not_null_raw_salesforce_account_id.8f28e83114
[0m15:46:23.572930 [debug] [Thread-3 (]: Finished running node test.shop.source_unique_raw_salesforce_account_id.24a5be22ce
[0m15:46:23.574019 [debug] [Thread-4 (]: Finished running node test.shop.unique_dim_customer_customer_id.b42affccd1
[0m15:46:23.577856 [debug] [MainThread]: Using postgres connection "master"
[0m15:46:23.578503 [debug] [MainThread]: On master: BEGIN
[0m15:46:23.579005 [debug] [MainThread]: Opening a new connection, currently in state closed
[0m15:46:23.602151 [debug] [MainThread]: SQL status: BEGIN in 0.023 seconds
[0m15:46:23.602905 [debug] [MainThread]: On master: COMMIT
[0m15:46:23.603559 [debug] [MainThread]: Using postgres connection "master"
[0m15:46:23.604096 [debug] [MainThread]: On master: COMMIT
[0m15:46:23.604761 [debug] [MainThread]: SQL status: COMMIT in 0.000 seconds
[0m15:46:23.605354 [debug] [MainThread]: On master: Close
[0m15:46:23.606124 [debug] [MainThread]: Connection 'master' was properly closed.
[0m15:46:23.606699 [debug] [MainThread]: Connection 'test.shop.source_not_null_raw_salesforce_account_id.8f28e83114' was properly closed.
[0m15:46:23.607191 [debug] [MainThread]: Connection 'test.shop.not_null_dim_customer_customer_id.9775012dfc' was properly closed.
[0m15:46:23.607687 [debug] [MainThread]: Connection 'test.shop.source_unique_raw_salesforce_account_id.24a5be22ce' was properly closed.
[0m15:46:23.608144 [debug] [MainThread]: Connection 'test.shop.unique_dim_customer_customer_id.b42affccd1' was properly closed.
[0m15:46:23.608715 [info ] [MainThread]: 
[0m15:46:23.610012 [info ] [MainThread]: Finished running 4 data tests in 0 hours 0 minutes and 0.44 seconds (0.44s).
[0m15:46:23.615959 [debug] [MainThread]: Command end result
[0m15:46:23.838561 [debug] [MainThread]: Wrote artifact WritableManifest to /tmp/dbt_target/manifest.json
[0m15:46:23.844353 [debug] [MainThread]: Wrote artifact SemanticManifest to /tmp/dbt_target/semantic_manifest.json
[0m15:46:23.855514 [debug] [MainThread]: Wrote artifact OsiDocument to /tmp/dbt_target/osi_document.json
[0m15:46:23.870192 [debug] [MainThread]: Wrote artifact RunExecutionResult to /tmp/dbt_target/run_results.json
[0m15:46:23.871447 [info ] [MainThread]: 
[0m15:46:23.872732 [info ] [MainThread]: [32mCompleted successfully[0m
[0m15:46:23.873650 [info ] [MainThread]: 
[0m15:46:23.874844 [info ] [MainThread]: Done. PASS=4 WARN=0 ERROR=0 SKIP=0 NO-OP=0 REUSED=0 TOTAL=4
[0m15:46:23.876346 [warn ] [MainThread]: [[33mWARNING[0m][DeprecationsSummary]: Deprecated functionality
Summary of encountered deprecations:
- ConfigTargetPathDeprecation: 1 occurrence
To see all deprecation instances instead of just the first occurrence of each,
run command again with the `--show-all-deprecations` flag. You may also need to
run with `--no-partial-parse` as some deprecations are only encountered during
parsing.
[0m15:46:23.881152 [debug] [MainThread]: Resource report: {"command_name": "test", "command_success": true, "command_wall_clock_time": 2.5683491, "process_in_blocks": "1072", "process_kernel_time": 1.860126, "process_mem_max_rss": "137936", "process_out_blocks": "2343", "process_user_time": 9.33516}
[0m15:46:23.882384 [debug] [MainThread]: Command `dbt test` succeeded at 15:46:23.882176 after 2.57 seconds
[0m15:46:23.884802 [debug] [MainThread]: Sending event: {'category': 'dbt', 'action': 'invocation', 'label': 'end', 'context': [<snowplow_tracker.self_describing_json.SelfDescribingJson object at 0xffff9f599c10>, <snowplow_tracker.self_describing_json.SelfDescribingJson object at 0xffff9ffdb110>, <snowplow_tracker.self_describing_json.SelfDescribingJson object at 0xffff9cd6ab70>]}
[0m15:46:23.885666 [debug] [MainThread]: Flushing usage events
[0m15:46:25.140273 [debug] [MainThread]: An error was encountered while trying to flush usage events
[0m15:49:09.009695 [debug] [MainThread]: Sending event: {'category': 'dbt', 'action': 'invocation', 'label': 'start', 'context': [<snowplow_tracker.self_describing_json.SelfDescribingJson object at 0xffffb06a1b80>, <snowplow_tracker.self_describing_json.SelfDescribingJson object at 0xffffb0408320>, <snowplow_tracker.self_describing_json.SelfDescribingJson object at 0xffffb0f58800>]}


============================== 15:49:09.122843 | ebed8c2b-167b-4220-af88-10f8ec1ad35d ==============================
[0m15:49:09.122843 [info ] [MainThread]: Running with dbt=1.12.3
[0m15:49:09.132874 [debug] [MainThread]: running dbt with arguments {'profiles_dir': '/opt/airflow/dbt', 'introspect': 'True', 'printer_width': '80', 'target_path': 'None', 'static_parser': 'True', 'log_format': 'default', 'send_anonymous_usage_stats': 'True', 'debug': 'False', 'indirect_selection': 'eager', 'log_path': '/opt/airflow/dbt/logs', 'write_json': 'True', 'hints_enabled': 'True', 'use_colors': 'True', 'warn_error': 'None', 'maximum_seed_size_mib': '1', 'cache_selected_only': 'False', 'use_experimental_parser': 'False', 'version_check': 'True', 'partial_parse': 'True', 'log_cache_events': 'False', 'invocation_command': 'dbt run --select staging', 'no_print': 'None', 'warn_error_options': 'WarnErrorOptionsV2(error=[], warn=[], silence=[])', 'fail_fast': 'False', 'quiet': 'False', 'empty': 'False'}
[0m15:49:09.602381 [warn ] [MainThread]: [[33mWARNING[0m]: Deprecated functionality
The `target-path` config in `dbt_project.yml` has been deprecated, and will no
longer be supported in a future version of dbt-core. If you wish to write dbt
artifacts to a custom directory, please use the --target-path CLI flag or
DBT_TARGET_PATH env var instead.
[0m15:49:09.607485 [debug] [MainThread]: Sending event: {'category': 'dbt', 'action': 'deprecation', 'label': 'ebed8c2b-167b-4220-af88-10f8ec1ad35d', 'property_': 'warn', 'context': [<snowplow_tracker.self_describing_json.SelfDescribingJson object at 0xffffafae7ef0>]}
[0m15:49:10.496920 [debug] [MainThread]: Sending event: {'category': 'dbt', 'action': 'project_id', 'label': 'ebed8c2b-167b-4220-af88-10f8ec1ad35d', 'context': [<snowplow_tracker.self_describing_json.SelfDescribingJson object at 0xffffae89b950>]}
[0m15:49:11.287464 [debug] [MainThread]: Sending event: {'category': 'dbt', 'action': 'adapter_info', 'label': 'ebed8c2b-167b-4220-af88-10f8ec1ad35d', 'context': [<snowplow_tracker.self_describing_json.SelfDescribingJson object at 0xffffafc37a40>]}
[0m15:49:11.300172 [info ] [MainThread]: Registered adapter: postgres=1.9.0
[0m15:49:12.073139 [debug] [MainThread]: checksum: 4b36912b5a065d7176771ed2b61a3a5a7fc50891988c2c27a9a0397379b06a23, vars: {}, profile: shop, target: dev, version: 1.12.3
[0m15:49:13.254629 [debug] [MainThread]: Partial parsing enabled: 0 files deleted, 1 files added, 0 files changed.
[0m15:49:13.269049 [debug] [MainThread]: Partial parsing: added file: shop://macros/generate_schema_name.sql
[0m15:49:13.309231 [info ] [MainThread]: Unable to do partial parsing because change detected to override macro. Starting full parse.
[0m15:49:21.832175 [debug] [MainThread]: Sending event: {'category': 'dbt', 'action': 'load_project', 'label': 'ebed8c2b-167b-4220-af88-10f8ec1ad35d', 'context': [<snowplow_tracker.self_describing_json.SelfDescribingJson object at 0xffffafad3500>]}
[0m15:49:22.419804 [debug] [MainThread]: Wrote artifact WritableManifest to /tmp/dbt_target/manifest.json
[0m15:49:22.439979 [debug] [MainThread]: Wrote artifact SemanticManifest to /tmp/dbt_target/semantic_manifest.json
[0m15:49:22.484541 [debug] [MainThread]: Wrote artifact OsiDocument to /tmp/dbt_target/osi_document.json
[0m15:49:22.533418 [debug] [MainThread]: Sending event: {'category': 'dbt', 'action': 'resource_counts', 'label': 'ebed8c2b-167b-4220-af88-10f8ec1ad35d', 'context': [<snowplow_tracker.self_describing_json.SelfDescribingJson object at 0xffffae2f5970>]}
[0m15:49:22.534812 [info ] [MainThread]: Found 3 models, 4 data tests, 2 sources, 1 exposure, 476 macros
[0m15:49:22.535980 [debug] [MainThread]: Sending event: {'category': 'dbt', 'action': 'runnable_timing', 'label': 'ebed8c2b-167b-4220-af88-10f8ec1ad35d', 'context': [<snowplow_tracker.self_describing_json.SelfDescribingJson object at 0xffffae469400>]}
[0m15:49:22.540969 [info ] [MainThread]: 
[0m15:49:22.543300 [info ] [MainThread]: Concurrency: 4 threads (target='dev')
[0m15:49:22.544824 [info ] [MainThread]: 
[0m15:49:22.547182 [debug] [MainThread]: Acquiring new postgres connection 'master'
[0m15:49:22.559057 [debug] [ThreadPool]: Acquiring new postgres connection 'list_analytics'
[0m15:49:22.765741 [debug] [ThreadPool]: Using postgres connection "list_analytics"
[0m15:49:22.768367 [debug] [ThreadPool]: On list_analytics: /* {"app": "dbt", "dbt_version": "1.12.3", "profile_name": "shop", "target_name": "dev", "connection_name": "list_analytics"} */

    select distinct nspname from pg_namespace
  
[0m15:49:22.774418 [debug] [ThreadPool]: Opening a new connection, currently in state init
[0m15:49:22.844975 [debug] [ThreadPool]: SQL status: SELECT 9 in 0.072 seconds
[0m15:49:22.849745 [debug] [ThreadPool]: On list_analytics: Close
[0m15:49:22.856988 [debug] [ThreadPool]: Re-using an available connection from the pool (formerly list_analytics, now list_analytics_staging)
[0m15:49:22.858442 [debug] [ThreadPool]: Acquiring new postgres connection 'list_analytics_marts'
[0m15:49:22.871913 [debug] [ThreadPool]: Using postgres connection "list_analytics_staging"
[0m15:49:22.874373 [debug] [ThreadPool]: Using postgres connection "list_analytics_marts"
[0m15:49:22.876591 [debug] [ThreadPool]: On list_analytics_staging: BEGIN
[0m15:49:22.877337 [debug] [ThreadPool]: On list_analytics_marts: BEGIN
[0m15:49:22.878084 [debug] [ThreadPool]: Opening a new connection, currently in state closed
[0m15:49:22.878716 [debug] [ThreadPool]: Opening a new connection, currently in state init
[0m15:49:22.905346 [debug] [ThreadPool]: SQL status: BEGIN in 0.027 seconds
[0m15:49:22.906939 [debug] [ThreadPool]: Using postgres connection "list_analytics_staging"
[0m15:49:22.908297 [debug] [ThreadPool]: On list_analytics_staging: /* {"app": "dbt", "dbt_version": "1.12.3", "profile_name": "shop", "target_name": "dev", "connection_name": "list_analytics_staging"} */
select
      'analytics' as database,
      tablename as name,
      schemaname as schema,
      'table' as type
    from pg_tables
    where schemaname ilike 'staging'
    union all
    select
      'analytics' as database,
      viewname as name,
      schemaname as schema,
      'view' as type
    from pg_views
    where schemaname ilike 'staging'
    union all
    select
      'analytics' as database,
      matviewname as name,
      schemaname as schema,
      'materialized_view' as type
    from pg_matviews
    where schemaname ilike 'staging'
  
[0m15:49:22.909323 [debug] [ThreadPool]: SQL status: BEGIN in 0.031 seconds
[0m15:49:22.910263 [debug] [ThreadPool]: Using postgres connection "list_analytics_marts"
[0m15:49:22.911300 [debug] [ThreadPool]: On list_analytics_marts: /* {"app": "dbt", "dbt_version": "1.12.3", "profile_name": "shop", "target_name": "dev", "connection_name": "list_analytics_marts"} */
select
      'analytics' as database,
      tablename as name,
      schemaname as schema,
      'table' as type
    from pg_tables
    where schemaname ilike 'marts'
    union all
    select
      'analytics' as database,
      viewname as name,
      schemaname as schema,
      'view' as type
    from pg_views
    where schemaname ilike 'marts'
    union all
    select
      'analytics' as database,
      matviewname as name,
      schemaname as schema,
      'materialized_view' as type
    from pg_matviews
    where schemaname ilike 'marts'
  
[0m15:49:22.919246 [debug] [ThreadPool]: SQL status: SELECT 0 in 0.010 seconds
[0m15:49:22.929402 [debug] [ThreadPool]: SQL status: SELECT 0 in 0.017 seconds
[0m15:49:22.930555 [debug] [ThreadPool]: On list_analytics_staging: ROLLBACK
[0m15:49:22.932982 [debug] [ThreadPool]: On list_analytics_marts: ROLLBACK
[0m15:49:22.934373 [debug] [ThreadPool]: On list_analytics_staging: Close
[0m15:49:22.935011 [debug] [ThreadPool]: On list_analytics_marts: Close
[0m15:49:22.947513 [debug] [MainThread]: Using postgres connection "master"
[0m15:49:22.949026 [debug] [MainThread]: On master: BEGIN
[0m15:49:22.950277 [debug] [MainThread]: Opening a new connection, currently in state init
[0m15:49:22.972486 [debug] [MainThread]: SQL status: BEGIN in 0.022 seconds
[0m15:49:22.973825 [debug] [MainThread]: Using postgres connection "master"
[0m15:49:22.974912 [debug] [MainThread]: On master: /* {"app": "dbt", "dbt_version": "1.12.3", "profile_name": "shop", "target_name": "dev", "connection_name": "master"} */
with relation as (
        select
            pg_rewrite.ev_class as class,
            pg_rewrite.oid as id
        from pg_rewrite
    ),
    class as (
        select
            oid as id,
            relname as name,
            relnamespace as schema,
            relkind as kind
        from pg_class
    ),
    dependency as (
        select distinct
            pg_depend.objid as id,
            pg_depend.refobjid as ref
        from pg_depend
    ),
    schema as (
        select
            pg_namespace.oid as id,
            pg_namespace.nspname as name
        from pg_namespace
        where nspname != 'information_schema' and nspname not like 'pg\_%'
    ),
    referenced as (
        select
            relation.id AS id,
            referenced_class.name ,
            referenced_class.schema ,
            referenced_class.kind
        from relation
        join class as referenced_class on relation.class=referenced_class.id
        where referenced_class.kind in ('r', 'v', 'm')
    ),
    relationships as (
        select
            referenced.name as referenced_name,
            referenced.schema as referenced_schema_id,
            dependent_class.name as dependent_name,
            dependent_class.schema as dependent_schema_id,
            referenced.kind as kind
        from referenced
        join dependency on referenced.id=dependency.id
        join class as dependent_class on dependency.ref=dependent_class.id
        where
            (referenced.name != dependent_class.name or
             referenced.schema != dependent_class.schema)
    )

    select
        referenced_schema.name as referenced_schema,
        relationships.referenced_name as referenced_name,
        dependent_schema.name as dependent_schema,
        relationships.dependent_name as dependent_name
    from relationships
    join schema as dependent_schema on relationships.dependent_schema_id=dependent_schema.id
    join schema as referenced_schema on relationships.referenced_schema_id=referenced_schema.id
    group by referenced_schema, referenced_name, dependent_schema, dependent_name
    order by referenced_schema, referenced_name, dependent_schema, dependent_name;
[0m15:49:22.987246 [debug] [MainThread]: SQL status: SELECT 1 in 0.011 seconds
[0m15:49:22.993289 [debug] [MainThread]: Sending event: {'category': 'dbt', 'action': 'runnable_timing', 'label': 'ebed8c2b-167b-4220-af88-10f8ec1ad35d', 'context': [<snowplow_tracker.self_describing_json.SelfDescribingJson object at 0xffffae567230>]}
[0m15:49:22.995306 [debug] [MainThread]: On master: ROLLBACK
[0m15:49:22.996694 [debug] [MainThread]: Using postgres connection "master"
[0m15:49:23.000409 [debug] [MainThread]: On master: BEGIN
[0m15:49:23.007680 [debug] [MainThread]: SQL status: BEGIN in 0.003 seconds
[0m15:49:23.009631 [debug] [MainThread]: On master: COMMIT
[0m15:49:23.010658 [debug] [MainThread]: Using postgres connection "master"
[0m15:49:23.011508 [debug] [MainThread]: On master: COMMIT
[0m15:49:23.013127 [debug] [MainThread]: SQL status: COMMIT in 0.001 seconds
[0m15:49:23.013879 [debug] [MainThread]: On master: Close
[0m15:49:23.043917 [debug] [Thread-1 (]: Began running node model.shop.stg_accounts
[0m15:49:23.057260 [debug] [Thread-2 (]: Began running node model.shop.stg_users
[0m15:49:23.078358 [info ] [Thread-2 (]: 2 of 2 START sql view model staging.stg_users .................................. [RUN]
[0m15:49:23.087607 [debug] [Thread-2 (]: Re-using an available connection from the pool (formerly list_analytics_marts, now model.shop.stg_users)
[0m15:49:23.064018 [info ] [Thread-1 (]: 1 of 2 START sql view model staging.stg_accounts ............................... [RUN]
[0m15:49:23.092519 [debug] [Thread-2 (]: Began compiling node model.shop.stg_users
[0m15:49:23.094936 [debug] [Thread-1 (]: Re-using an available connection from the pool (formerly list_analytics_staging, now model.shop.stg_accounts)
[0m15:49:23.112160 [debug] [Thread-1 (]: Began compiling node model.shop.stg_accounts
[0m15:49:23.173741 [debug] [Thread-2 (]: Writing injected SQL for node "model.shop.stg_users"
[0m15:49:23.185173 [debug] [Thread-1 (]: Writing injected SQL for node "model.shop.stg_accounts"
[0m15:49:23.227899 [debug] [Thread-1 (]: Began executing node model.shop.stg_accounts
[0m15:49:23.215780 [debug] [Thread-2 (]: Began executing node model.shop.stg_users
[0m15:49:23.692830 [debug] [Thread-1 (]: Writing runtime sql for node "model.shop.stg_accounts"
[0m15:49:23.695286 [debug] [Thread-2 (]: Writing runtime sql for node "model.shop.stg_users"
[0m15:49:23.707825 [debug] [Thread-1 (]: Using postgres connection "model.shop.stg_accounts"
[0m15:49:23.716745 [debug] [Thread-1 (]: On model.shop.stg_accounts: BEGIN
[0m15:49:23.724823 [debug] [Thread-2 (]: Using postgres connection "model.shop.stg_users"
[0m15:49:23.729267 [debug] [Thread-1 (]: Opening a new connection, currently in state closed
[0m15:49:23.741231 [debug] [Thread-2 (]: On model.shop.stg_users: BEGIN
[0m15:49:23.756543 [debug] [Thread-2 (]: Opening a new connection, currently in state closed
[0m15:49:23.818321 [debug] [Thread-2 (]: SQL status: BEGIN in 0.062 seconds
[0m15:49:23.823082 [debug] [Thread-1 (]: SQL status: BEGIN in 0.097 seconds
[0m15:49:23.824675 [debug] [Thread-2 (]: Using postgres connection "model.shop.stg_users"
[0m15:49:23.828642 [debug] [Thread-1 (]: Using postgres connection "model.shop.stg_accounts"
[0m15:49:23.832634 [debug] [Thread-2 (]: On model.shop.stg_users: /* {"app": "dbt", "dbt_version": "1.12.3", "profile_name": "shop", "target_name": "dev", "node_id": "model.shop.stg_users"} */

  create view "analytics"."staging"."stg_users__dbt_tmp"
    
    
  as (
    SELECT
    id AS user_id,
    account_id
FROM "analytics"."raw"."app_users"
  );
[0m15:49:23.839573 [debug] [Thread-1 (]: On model.shop.stg_accounts: /* {"app": "dbt", "dbt_version": "1.12.3", "profile_name": "shop", "target_name": "dev", "node_id": "model.shop.stg_accounts"} */

  create view "analytics"."staging"."stg_accounts__dbt_tmp"
    
    
  as (
    SELECT
    id AS customer_id,
    name
FROM "analytics"."raw"."salesforce_account"
  );
[0m15:49:23.857853 [debug] [Thread-1 (]: SQL status: CREATE VIEW in 0.016 seconds
[0m15:49:23.862871 [debug] [Thread-2 (]: SQL status: CREATE VIEW in 0.020 seconds
[0m15:49:23.943728 [debug] [Thread-1 (]: Using postgres connection "model.shop.stg_accounts"
[0m15:49:23.945673 [debug] [Thread-2 (]: Using postgres connection "model.shop.stg_users"
[0m15:49:23.947203 [debug] [Thread-1 (]: On model.shop.stg_accounts: /* {"app": "dbt", "dbt_version": "1.12.3", "profile_name": "shop", "target_name": "dev", "node_id": "model.shop.stg_accounts"} */
alter table "analytics"."staging"."stg_accounts__dbt_tmp" rename to "stg_accounts"
[0m15:49:23.948938 [debug] [Thread-2 (]: On model.shop.stg_users: /* {"app": "dbt", "dbt_version": "1.12.3", "profile_name": "shop", "target_name": "dev", "node_id": "model.shop.stg_users"} */
alter table "analytics"."staging"."stg_users__dbt_tmp" rename to "stg_users"
[0m15:49:23.953036 [debug] [Thread-2 (]: SQL status: ALTER TABLE in 0.001 seconds
[0m15:49:23.954382 [debug] [Thread-1 (]: SQL status: ALTER TABLE in 0.004 seconds
[0m15:49:24.029028 [debug] [Thread-2 (]: On model.shop.stg_users: COMMIT
[0m15:49:24.038226 [debug] [Thread-1 (]: On model.shop.stg_accounts: COMMIT
[0m15:49:24.039745 [debug] [Thread-2 (]: Using postgres connection "model.shop.stg_users"
[0m15:49:24.041280 [debug] [Thread-1 (]: Using postgres connection "model.shop.stg_accounts"
[0m15:49:24.043072 [debug] [Thread-2 (]: On model.shop.stg_users: COMMIT
[0m15:49:24.044563 [debug] [Thread-1 (]: On model.shop.stg_accounts: COMMIT
[0m15:49:24.049521 [debug] [Thread-2 (]: SQL status: COMMIT in 0.003 seconds
[0m15:49:24.053139 [debug] [Thread-1 (]: SQL status: COMMIT in 0.004 seconds
[0m15:49:24.080499 [debug] [Thread-2 (]: Applying DROP to: "analytics"."staging"."stg_users__dbt_backup"
[0m15:49:24.082799 [debug] [Thread-1 (]: Applying DROP to: "analytics"."staging"."stg_accounts__dbt_backup"
[0m15:49:24.126518 [debug] [Thread-1 (]: Using postgres connection "model.shop.stg_accounts"
[0m15:49:24.116246 [debug] [Thread-2 (]: Using postgres connection "model.shop.stg_users"
[0m15:49:24.131930 [debug] [Thread-1 (]: On model.shop.stg_accounts: /* {"app": "dbt", "dbt_version": "1.12.3", "profile_name": "shop", "target_name": "dev", "node_id": "model.shop.stg_accounts"} */
drop view if exists "analytics"."staging"."stg_accounts__dbt_backup" cascade
[0m15:49:24.136707 [debug] [Thread-2 (]: On model.shop.stg_users: /* {"app": "dbt", "dbt_version": "1.12.3", "profile_name": "shop", "target_name": "dev", "node_id": "model.shop.stg_users"} */
drop view if exists "analytics"."staging"."stg_users__dbt_backup" cascade
[0m15:49:24.144685 [debug] [Thread-1 (]: SQL status: DROP VIEW in 0.002 seconds
[0m15:49:24.148259 [debug] [Thread-2 (]: SQL status: DROP VIEW in 0.005 seconds
[0m15:49:24.247201 [debug] [Thread-1 (]: On model.shop.stg_accounts: Close
[0m15:49:24.245334 [debug] [Thread-2 (]: On model.shop.stg_users: Close
[0m15:49:24.283328 [debug] [Thread-1 (]: Sending event: {'category': 'dbt', 'action': 'run_model', 'label': 'ebed8c2b-167b-4220-af88-10f8ec1ad35d', 'context': [<snowplow_tracker.self_describing_json.SelfDescribingJson object at 0xffffae4386b0>]}
[0m15:49:24.287960 [debug] [Thread-2 (]: Sending event: {'category': 'dbt', 'action': 'run_model', 'label': 'ebed8c2b-167b-4220-af88-10f8ec1ad35d', 'context': [<snowplow_tracker.self_describing_json.SelfDescribingJson object at 0xffffac394ce0>]}
[0m15:49:24.297232 [info ] [Thread-1 (]: 1 of 2 OK created sql view model staging.stg_accounts .......................... [[32mCREATE VIEW[0m in 1.17s]
[0m15:49:24.299754 [info ] [Thread-2 (]: 2 of 2 OK created sql view model staging.stg_users ............................. [[32mCREATE VIEW[0m in 1.17s]
[0m15:49:24.303226 [debug] [Thread-1 (]: Finished running node model.shop.stg_accounts
[0m15:49:24.306156 [debug] [Thread-2 (]: Finished running node model.shop.stg_users
[0m15:49:24.325060 [debug] [MainThread]: Using postgres connection "master"
[0m15:49:24.326456 [debug] [MainThread]: On master: BEGIN
[0m15:49:24.327610 [debug] [MainThread]: Opening a new connection, currently in state closed
[0m15:49:24.360993 [debug] [MainThread]: SQL status: BEGIN in 0.033 seconds
[0m15:49:24.362245 [debug] [MainThread]: On master: COMMIT
[0m15:49:24.363015 [debug] [MainThread]: Using postgres connection "master"
[0m15:49:24.364146 [debug] [MainThread]: On master: COMMIT
[0m15:49:24.365503 [debug] [MainThread]: SQL status: COMMIT in 0.000 seconds
[0m15:49:24.366498 [debug] [MainThread]: On master: Close
[0m15:49:24.368374 [debug] [MainThread]: Connection 'master' was properly closed.
[0m15:49:24.370265 [debug] [MainThread]: Connection 'model.shop.stg_accounts' was properly closed.
[0m15:49:24.372060 [debug] [MainThread]: Connection 'model.shop.stg_users' was properly closed.
[0m15:49:24.376844 [info ] [MainThread]: 
[0m15:49:24.380636 [info ] [MainThread]: Finished running 2 view models in 0 hours 0 minutes and 1.83 seconds (1.83s).
[0m15:49:24.383680 [debug] [MainThread]: Command end result
[0m15:49:25.281524 [debug] [MainThread]: Wrote artifact WritableManifest to /tmp/dbt_target/manifest.json
[0m15:49:25.305198 [debug] [MainThread]: Wrote artifact SemanticManifest to /tmp/dbt_target/semantic_manifest.json
[0m15:49:25.325509 [debug] [MainThread]: Wrote artifact OsiDocument to /tmp/dbt_target/osi_document.json
[0m15:49:25.356140 [debug] [MainThread]: Wrote artifact RunExecutionResult to /tmp/dbt_target/run_results.json
[0m15:49:25.358741 [info ] [MainThread]: 
[0m15:49:25.361331 [info ] [MainThread]: [32mCompleted successfully[0m
[0m15:49:25.362367 [info ] [MainThread]: 
[0m15:49:25.363379 [info ] [MainThread]: Done. PASS=2 WARN=0 ERROR=0 SKIP=0 NO-OP=0 REUSED=0 TOTAL=2
[0m15:49:25.366208 [warn ] [MainThread]: [[33mWARNING[0m][DeprecationsSummary]: Deprecated functionality
Summary of encountered deprecations:
- ConfigTargetPathDeprecation: 1 occurrence
To see all deprecation instances instead of just the first occurrence of each,
run command again with the `--show-all-deprecations` flag. You may also need to
run with `--no-partial-parse` as some deprecations are only encountered during
parsing.
[0m15:49:25.391436 [debug] [MainThread]: Resource report: {"command_name": "run", "command_success": true, "command_wall_clock_time": 17.187933, "process_in_blocks": "12288", "process_kernel_time": 3.038245, "process_mem_max_rss": "145784", "process_out_blocks": "3326", "process_user_time": 22.852186}
[0m15:49:25.398611 [debug] [MainThread]: Command `dbt run` succeeded at 15:49:25.397878 after 17.20 seconds
[0m15:49:25.400800 [debug] [MainThread]: Sending event: {'category': 'dbt', 'action': 'invocation', 'label': 'end', 'context': [<snowplow_tracker.self_describing_json.SelfDescribingJson object at 0xffffac3945f0>, <snowplow_tracker.self_describing_json.SelfDescribingJson object at 0xffffb3386510>, <snowplow_tracker.self_describing_json.SelfDescribingJson object at 0xffffae517c20>]}
[0m15:49:25.409715 [debug] [MainThread]: Flushing usage events
[0m15:49:28.056706 [debug] [MainThread]: An error was encountered while trying to flush usage events
[0m15:49:39.217491 [debug] [MainThread]: Sending event: {'category': 'dbt', 'action': 'invocation', 'label': 'start', 'context': [<snowplow_tracker.self_describing_json.SelfDescribingJson object at 0xffff8800a540>, <snowplow_tracker.self_describing_json.SelfDescribingJson object at 0xffff87289a30>, <snowplow_tracker.self_describing_json.SelfDescribingJson object at 0xffff8721ea20>]}


============================== 15:49:39.250882 | 9e75639f-22f8-442e-b162-3f783790e451 ==============================
[0m15:49:39.250882 [info ] [MainThread]: Running with dbt=1.12.3
[0m15:49:39.252987 [debug] [MainThread]: running dbt with arguments {'indirect_selection': 'eager', 'version_check': 'True', 'warn_error_options': 'WarnErrorOptionsV2(error=[], warn=[], silence=[])', 'fail_fast': 'False', 'write_json': 'True', 'introspect': 'True', 'no_print': 'None', 'log_format': 'default', 'log_cache_events': 'False', 'use_experimental_parser': 'False', 'cache_selected_only': 'False', 'printer_width': '80', 'hints_enabled': 'True', 'quiet': 'False', 'static_parser': 'True', 'empty': 'False', 'debug': 'False', 'profiles_dir': '/opt/airflow/dbt', 'use_colors': 'True', 'partial_parse': 'True', 'maximum_seed_size_mib': '1', 'send_anonymous_usage_stats': 'True', 'warn_error': 'None', 'invocation_command': 'dbt run --select marts', 'target_path': 'None', 'log_path': '/opt/airflow/dbt/logs'}
[0m15:49:39.439260 [warn ] [MainThread]: [[33mWARNING[0m]: Deprecated functionality
The `target-path` config in `dbt_project.yml` has been deprecated, and will no
longer be supported in a future version of dbt-core. If you wish to write dbt
artifacts to a custom directory, please use the --target-path CLI flag or
DBT_TARGET_PATH env var instead.
[0m15:49:39.441746 [debug] [MainThread]: Sending event: {'category': 'dbt', 'action': 'deprecation', 'label': '9e75639f-22f8-442e-b162-3f783790e451', 'property_': 'warn', 'context': [<snowplow_tracker.self_describing_json.SelfDescribingJson object at 0xffff8624de80>]}
[0m15:49:39.745367 [debug] [MainThread]: Sending event: {'category': 'dbt', 'action': 'project_id', 'label': '9e75639f-22f8-442e-b162-3f783790e451', 'context': [<snowplow_tracker.self_describing_json.SelfDescribingJson object at 0xffff874ac290>]}
[0m15:49:39.900082 [debug] [MainThread]: Sending event: {'category': 'dbt', 'action': 'adapter_info', 'label': '9e75639f-22f8-442e-b162-3f783790e451', 'context': [<snowplow_tracker.self_describing_json.SelfDescribingJson object at 0xffff8630bb00>]}
[0m15:49:39.910151 [info ] [MainThread]: Registered adapter: postgres=1.9.0
[0m15:49:40.194790 [debug] [MainThread]: checksum: 4b36912b5a065d7176771ed2b61a3a5a7fc50891988c2c27a9a0397379b06a23, vars: {}, profile: shop, target: dev, version: 1.12.3
[0m15:49:40.623269 [debug] [MainThread]: Partial parsing enabled: 0 files deleted, 0 files added, 0 files changed.
[0m15:49:40.624261 [debug] [MainThread]: Nothing changed, skipping partial parsing.
[0m15:49:40.625996 [debug] [MainThread]: Partial parsing enabled, no changes found, skipping parsing
[0m15:49:40.643228 [debug] [MainThread]: Sending event: {'category': 'dbt', 'action': 'load_project', 'label': '9e75639f-22f8-442e-b162-3f783790e451', 'context': [<snowplow_tracker.self_describing_json.SelfDescribingJson object at 0xffff87772ba0>]}
[0m15:49:40.868599 [debug] [MainThread]: Wrote artifact WritableManifest to /tmp/dbt_target/manifest.json
[0m15:49:40.875787 [debug] [MainThread]: Wrote artifact SemanticManifest to /tmp/dbt_target/semantic_manifest.json
[0m15:49:40.918094 [debug] [MainThread]: Wrote artifact OsiDocument to /tmp/dbt_target/osi_document.json
[0m15:49:41.067098 [debug] [MainThread]: Sending event: {'category': 'dbt', 'action': 'resource_counts', 'label': '9e75639f-22f8-442e-b162-3f783790e451', 'context': [<snowplow_tracker.self_describing_json.SelfDescribingJson object at 0xffff84b85e80>]}
[0m15:49:41.069945 [info ] [MainThread]: Found 3 models, 4 data tests, 2 sources, 1 exposure, 476 macros
[0m15:49:41.078020 [debug] [MainThread]: Sending event: {'category': 'dbt', 'action': 'runnable_timing', 'label': '9e75639f-22f8-442e-b162-3f783790e451', 'context': [<snowplow_tracker.self_describing_json.SelfDescribingJson object at 0xffff84da8e00>]}
[0m15:49:41.234740 [info ] [MainThread]: 
[0m15:49:41.243975 [info ] [MainThread]: Concurrency: 4 threads (target='dev')
[0m15:49:41.247037 [info ] [MainThread]: 
[0m15:49:41.256133 [debug] [MainThread]: Acquiring new postgres connection 'master'
[0m15:49:41.266525 [debug] [ThreadPool]: Acquiring new postgres connection 'list_analytics'
[0m15:49:41.534953 [debug] [ThreadPool]: Using postgres connection "list_analytics"
[0m15:49:41.536311 [debug] [ThreadPool]: On list_analytics: /* {"app": "dbt", "dbt_version": "1.12.3", "profile_name": "shop", "target_name": "dev", "connection_name": "list_analytics"} */

    select distinct nspname from pg_namespace
  
[0m15:49:41.537373 [debug] [ThreadPool]: Opening a new connection, currently in state init
[0m15:49:41.612060 [debug] [ThreadPool]: SQL status: SELECT 9 in 0.073 seconds
[0m15:49:41.622152 [debug] [ThreadPool]: On list_analytics: Close
[0m15:49:41.636230 [debug] [ThreadPool]: Re-using an available connection from the pool (formerly list_analytics, now list_analytics_staging)
[0m15:49:41.637610 [debug] [ThreadPool]: Acquiring new postgres connection 'list_analytics_marts'
[0m15:49:41.655526 [debug] [ThreadPool]: Using postgres connection "list_analytics_staging"
[0m15:49:41.658828 [debug] [ThreadPool]: Using postgres connection "list_analytics_marts"
[0m15:49:41.659696 [debug] [ThreadPool]: On list_analytics_staging: BEGIN
[0m15:49:41.660399 [debug] [ThreadPool]: On list_analytics_marts: BEGIN
[0m15:49:41.661048 [debug] [ThreadPool]: Opening a new connection, currently in state closed
[0m15:49:41.661668 [debug] [ThreadPool]: Opening a new connection, currently in state init
[0m15:49:41.676344 [debug] [ThreadPool]: SQL status: BEGIN in 0.015 seconds
[0m15:49:41.677238 [debug] [ThreadPool]: SQL status: BEGIN in 0.015 seconds
[0m15:49:41.677995 [debug] [ThreadPool]: Using postgres connection "list_analytics_staging"
[0m15:49:41.678865 [debug] [ThreadPool]: Using postgres connection "list_analytics_marts"
[0m15:49:41.679444 [debug] [ThreadPool]: On list_analytics_staging: /* {"app": "dbt", "dbt_version": "1.12.3", "profile_name": "shop", "target_name": "dev", "connection_name": "list_analytics_staging"} */
select
      'analytics' as database,
      tablename as name,
      schemaname as schema,
      'table' as type
    from pg_tables
    where schemaname ilike 'staging'
    union all
    select
      'analytics' as database,
      viewname as name,
      schemaname as schema,
      'view' as type
    from pg_views
    where schemaname ilike 'staging'
    union all
    select
      'analytics' as database,
      matviewname as name,
      schemaname as schema,
      'materialized_view' as type
    from pg_matviews
    where schemaname ilike 'staging'
  
[0m15:49:41.680362 [debug] [ThreadPool]: On list_analytics_marts: /* {"app": "dbt", "dbt_version": "1.12.3", "profile_name": "shop", "target_name": "dev", "connection_name": "list_analytics_marts"} */
select
      'analytics' as database,
      tablename as name,
      schemaname as schema,
      'table' as type
    from pg_tables
    where schemaname ilike 'marts'
    union all
    select
      'analytics' as database,
      viewname as name,
      schemaname as schema,
      'view' as type
    from pg_views
    where schemaname ilike 'marts'
    union all
    select
      'analytics' as database,
      matviewname as name,
      schemaname as schema,
      'materialized_view' as type
    from pg_matviews
    where schemaname ilike 'marts'
  
[0m15:49:41.686157 [debug] [ThreadPool]: SQL status: SELECT 0 in 0.004 seconds
[0m15:49:41.686871 [debug] [ThreadPool]: SQL status: SELECT 2 in 0.006 seconds
[0m15:49:41.688734 [debug] [ThreadPool]: On list_analytics_marts: ROLLBACK
[0m15:49:41.690777 [debug] [ThreadPool]: On list_analytics_staging: ROLLBACK
[0m15:49:41.691893 [debug] [ThreadPool]: On list_analytics_marts: Close
[0m15:49:41.692356 [debug] [ThreadPool]: On list_analytics_staging: Close
[0m15:49:41.700646 [debug] [MainThread]: Using postgres connection "master"
[0m15:49:41.703262 [debug] [MainThread]: On master: BEGIN
[0m15:49:41.704778 [debug] [MainThread]: Opening a new connection, currently in state init
[0m15:49:41.725171 [debug] [MainThread]: SQL status: BEGIN in 0.020 seconds
[0m15:49:41.726208 [debug] [MainThread]: Using postgres connection "master"
[0m15:49:41.727010 [debug] [MainThread]: On master: /* {"app": "dbt", "dbt_version": "1.12.3", "profile_name": "shop", "target_name": "dev", "connection_name": "master"} */
with relation as (
        select
            pg_rewrite.ev_class as class,
            pg_rewrite.oid as id
        from pg_rewrite
    ),
    class as (
        select
            oid as id,
            relname as name,
            relnamespace as schema,
            relkind as kind
        from pg_class
    ),
    dependency as (
        select distinct
            pg_depend.objid as id,
            pg_depend.refobjid as ref
        from pg_depend
    ),
    schema as (
        select
            pg_namespace.oid as id,
            pg_namespace.nspname as name
        from pg_namespace
        where nspname != 'information_schema' and nspname not like 'pg\_%'
    ),
    referenced as (
        select
            relation.id AS id,
            referenced_class.name ,
            referenced_class.schema ,
            referenced_class.kind
        from relation
        join class as referenced_class on relation.class=referenced_class.id
        where referenced_class.kind in ('r', 'v', 'm')
    ),
    relationships as (
        select
            referenced.name as referenced_name,
            referenced.schema as referenced_schema_id,
            dependent_class.name as dependent_name,
            dependent_class.schema as dependent_schema_id,
            referenced.kind as kind
        from referenced
        join dependency on referenced.id=dependency.id
        join class as dependent_class on dependency.ref=dependent_class.id
        where
            (referenced.name != dependent_class.name or
             referenced.schema != dependent_class.schema)
    )

    select
        referenced_schema.name as referenced_schema,
        relationships.referenced_name as referenced_name,
        dependent_schema.name as dependent_schema,
        relationships.dependent_name as dependent_name
    from relationships
    join schema as dependent_schema on relationships.dependent_schema_id=dependent_schema.id
    join schema as referenced_schema on relationships.referenced_schema_id=referenced_schema.id
    group by referenced_schema, referenced_name, dependent_schema, dependent_name
    order by referenced_schema, referenced_name, dependent_schema, dependent_name;
[0m15:49:41.741113 [debug] [MainThread]: SQL status: SELECT 3 in 0.012 seconds
[0m15:49:41.744879 [debug] [MainThread]: Sending event: {'category': 'dbt', 'action': 'runnable_timing', 'label': '9e75639f-22f8-442e-b162-3f783790e451', 'context': [<snowplow_tracker.self_describing_json.SelfDescribingJson object at 0xffff84f01bb0>]}
[0m15:49:41.746614 [debug] [MainThread]: On master: ROLLBACK
[0m15:49:41.747722 [debug] [MainThread]: Using postgres connection "master"
[0m15:49:41.748346 [debug] [MainThread]: On master: BEGIN
[0m15:49:41.749763 [debug] [MainThread]: SQL status: BEGIN in 0.001 seconds
[0m15:49:41.750493 [debug] [MainThread]: On master: COMMIT
[0m15:49:41.751422 [debug] [MainThread]: Using postgres connection "master"
[0m15:49:41.752462 [debug] [MainThread]: On master: COMMIT
[0m15:49:41.759113 [debug] [MainThread]: SQL status: COMMIT in 0.002 seconds
[0m15:49:41.768428 [debug] [MainThread]: On master: Close
[0m15:49:41.795201 [debug] [Thread-1 (]: Began running node model.shop.dim_customer
[0m15:49:41.799087 [info ] [Thread-1 (]: 1 of 1 START sql table model marts.dim_customer ................................ [RUN]
[0m15:49:41.800630 [debug] [Thread-1 (]: Re-using an available connection from the pool (formerly list_analytics_marts, now model.shop.dim_customer)
[0m15:49:41.802036 [debug] [Thread-1 (]: Began compiling node model.shop.dim_customer
[0m15:49:41.840315 [debug] [Thread-1 (]: Writing injected SQL for node "model.shop.dim_customer"
[0m15:49:41.844724 [debug] [Thread-1 (]: Began executing node model.shop.dim_customer
[0m15:49:41.944386 [debug] [Thread-1 (]: Writing runtime sql for node "model.shop.dim_customer"
[0m15:49:41.949094 [debug] [Thread-1 (]: Using postgres connection "model.shop.dim_customer"
[0m15:49:41.950829 [debug] [Thread-1 (]: On model.shop.dim_customer: BEGIN
[0m15:49:41.952240 [debug] [Thread-1 (]: Opening a new connection, currently in state closed
[0m15:49:41.977623 [debug] [Thread-1 (]: SQL status: BEGIN in 0.025 seconds
[0m15:49:41.978896 [debug] [Thread-1 (]: Using postgres connection "model.shop.dim_customer"
[0m15:49:41.979809 [debug] [Thread-1 (]: On model.shop.dim_customer: /* {"app": "dbt", "dbt_version": "1.12.3", "profile_name": "shop", "target_name": "dev", "node_id": "model.shop.dim_customer"} */

  
    

  create  table "analytics"."marts"."dim_customer__dbt_tmp"
  
  
    as
  
  (
    SELECT
    a.customer_id,
    a.name,
    COUNT(u.user_id) AS user_count
FROM "analytics"."staging"."stg_accounts" a
LEFT JOIN "analytics"."staging"."stg_users" u ON u.account_id = a.customer_id
GROUP BY 1, 2
  );
  
[0m15:49:41.997469 [debug] [Thread-1 (]: Postgres adapter: Postgres error: operator does not exist: integer = character varying
LINE 17: ...nalytics"."staging"."stg_users" u ON u.account_id = a.custom...
                                                              ^
HINT:  No operator matches the given name and argument types. You might need to add explicit type casts.

[0m15:49:41.999152 [debug] [Thread-1 (]: On model.shop.dim_customer: ROLLBACK
[0m15:49:42.002096 [debug] [Thread-1 (]: On model.shop.dim_customer: Close
[0m15:49:42.030225 [debug] [Thread-1 (]: Database Error in model dim_customer (models/marts/dim_customer.sql)
  operator does not exist: integer = character varying
  LINE 17: ...nalytics"."staging"."stg_users" u ON u.account_id = a.custom...
                                                                ^
  HINT:  No operator matches the given name and argument types. You might need to add explicit type casts.
  compiled code at /tmp/dbt_target/run/shop/models/marts/dim_customer.sql
[0m15:49:42.039418 [debug] [Thread-1 (]: Sending event: {'category': 'dbt', 'action': 'run_model', 'label': '9e75639f-22f8-442e-b162-3f783790e451', 'context': [<snowplow_tracker.self_describing_json.SelfDescribingJson object at 0xffff83ec49b0>]}
[0m15:49:42.043479 [error] [Thread-1 (]: 1 of 1 ERROR creating sql table model marts.dim_customer ....................... [[31mERROR[0m in 0.23s]
[0m15:49:42.048080 [debug] [Thread-1 (]: Finished running node model.shop.dim_customer
[0m15:49:42.055331 [debug] [Thread-7 (]: Marking all children of 'model.shop.dim_customer' to be skipped because of status 'error'.  Reason: Database Error in model dim_customer (models/marts/dim_customer.sql)
  operator does not exist: integer = character varying
  LINE 17: ...nalytics"."staging"."stg_users" u ON u.account_id = a.custom...
                                                                ^
  HINT:  No operator matches the given name and argument types. You might need to add explicit type casts.
  compiled code at /tmp/dbt_target/run/shop/models/marts/dim_customer.sql.
[0m15:49:42.063963 [debug] [MainThread]: Using postgres connection "master"
[0m15:49:42.065627 [debug] [MainThread]: On master: BEGIN
[0m15:49:42.067070 [debug] [MainThread]: Opening a new connection, currently in state closed
[0m15:49:42.084302 [debug] [MainThread]: SQL status: BEGIN in 0.017 seconds
[0m15:49:42.085481 [debug] [MainThread]: On master: COMMIT
[0m15:49:42.086532 [debug] [MainThread]: Using postgres connection "master"
[0m15:49:42.087571 [debug] [MainThread]: On master: COMMIT
[0m15:49:42.088739 [debug] [MainThread]: SQL status: COMMIT in 0.000 seconds
[0m15:49:42.090433 [debug] [MainThread]: On master: Close
[0m15:49:42.092159 [debug] [MainThread]: Connection 'master' was properly closed.
[0m15:49:42.092943 [debug] [MainThread]: Connection 'list_analytics_staging' was properly closed.
[0m15:49:42.093487 [debug] [MainThread]: Connection 'model.shop.dim_customer' was properly closed.
[0m15:49:42.094404 [info ] [MainThread]: 
[0m15:49:42.095487 [info ] [MainThread]: Finished running 1 table model in 0 hours 0 minutes and 0.84 seconds (0.84s).
[0m15:49:42.137724 [debug] [MainThread]: Command end result
[0m15:49:42.498043 [debug] [MainThread]: Wrote artifact WritableManifest to /tmp/dbt_target/manifest.json
[0m15:49:42.517308 [debug] [MainThread]: Wrote artifact SemanticManifest to /tmp/dbt_target/semantic_manifest.json
[0m15:49:42.555512 [debug] [MainThread]: Wrote artifact OsiDocument to /tmp/dbt_target/osi_document.json
[0m15:49:42.582347 [debug] [MainThread]: Wrote artifact RunExecutionResult to /tmp/dbt_target/run_results.json
[0m15:49:42.584211 [info ] [MainThread]: 
[0m15:49:42.585973 [info ] [MainThread]: [31mCompleted with 1 error, 0 partial successes, and 0 warnings:[0m
[0m15:49:42.587511 [info ] [MainThread]: 
[0m15:49:42.590049 [error] [MainThread]: [[31mERROR[0m]: in model dim_customer (models/marts/dim_customer.sql)
[0m15:49:42.594355 [error] [MainThread]:   Database Error in model dim_customer (models/marts/dim_customer.sql)
  operator does not exist: integer = character varying
  LINE 17: ...nalytics"."staging"."stg_users" u ON u.account_id = a.custom...
                                                                ^
  HINT:  No operator matches the given name and argument types. You might need to add explicit type casts.
  compiled code at /tmp/dbt_target/run/shop/models/marts/dim_customer.sql
[0m15:49:42.597691 [info ] [MainThread]: 
[0m15:49:42.600233 [info ] [MainThread]:   compiled code at /tmp/dbt_target/compiled/shop/models/marts/dim_customer.sql
[0m15:49:42.602953 [info ] [MainThread]: 
[0m15:49:42.604981 [info ] [MainThread]: Done. PASS=0 WARN=0 ERROR=1 SKIP=0 NO-OP=0 REUSED=0 TOTAL=1
[0m15:49:42.608568 [warn ] [MainThread]: [[33mWARNING[0m][DeprecationsSummary]: Deprecated functionality
Summary of encountered deprecations:
- ConfigTargetPathDeprecation: 1 occurrence
To see all deprecation instances instead of just the first occurrence of each,
run command again with the `--show-all-deprecations` flag. You may also need to
run with `--no-partial-parse` as some deprecations are only encountered during
parsing.
[0m15:49:42.618620 [debug] [MainThread]: Resource report: {"command_name": "run", "command_success": false, "command_wall_clock_time": 3.671594, "process_in_blocks": "0", "process_kernel_time": 1.193465, "process_mem_max_rss": "136924", "process_out_blocks": "2283", "process_user_time": 7.029608}
[0m15:49:42.621500 [debug] [MainThread]: Command `dbt run` failed at 15:49:42.621146 after 3.68 seconds
[0m15:49:42.624624 [debug] [MainThread]: Sending event: {'category': 'dbt', 'action': 'invocation', 'label': 'end', 'context': [<snowplow_tracker.self_describing_json.SelfDescribingJson object at 0xffff8712b920>, <snowplow_tracker.self_describing_json.SelfDescribingJson object at 0xffff8759e450>, <snowplow_tracker.self_describing_json.SelfDescribingJson object at 0xffff86219820>]}
[0m15:49:42.626786 [debug] [MainThread]: Flushing usage events
[0m15:49:44.089149 [debug] [MainThread]: An error was encountered while trying to flush usage events
[0m15:56:58.417059 [debug] [MainThread]: Sending event: {'category': 'dbt', 'action': 'invocation', 'label': 'start', 'context': [<snowplow_tracker.self_describing_json.SelfDescribingJson object at 0xffffa98011c0>, <snowplow_tracker.self_describing_json.SelfDescribingJson object at 0xffffac064a40>, <snowplow_tracker.self_describing_json.SelfDescribingJson object at 0xffffa961af60>]}


============================== 15:56:58.438013 | dd4e2aea-c845-4a15-8031-9f5d8db7a5f5 ==============================
[0m15:56:58.438013 [info ] [MainThread]: Running with dbt=1.12.3
[0m15:56:58.439465 [debug] [MainThread]: running dbt with arguments {'no_print': 'None', 'empty': 'False', 'warn_error': 'None', 'introspect': 'True', 'quiet': 'False', 'hints_enabled': 'True', 'log_format': 'default', 'fail_fast': 'False', 'write_json': 'True', 'invocation_command': 'dbt run --select marts', 'send_anonymous_usage_stats': 'True', 'warn_error_options': 'WarnErrorOptionsV2(error=[], warn=[], silence=[])', 'static_parser': 'True', 'partial_parse': 'True', 'use_colors': 'True', 'maximum_seed_size_mib': '1', 'indirect_selection': 'eager', 'cache_selected_only': 'False', 'version_check': 'True', 'use_experimental_parser': 'False', 'debug': 'False', 'log_path': '/opt/airflow/dbt/logs', 'target_path': 'None', 'profiles_dir': '/opt/airflow/dbt', 'printer_width': '80', 'log_cache_events': 'False'}
[0m15:56:58.658241 [warn ] [MainThread]: [[33mWARNING[0m]: Deprecated functionality
The `target-path` config in `dbt_project.yml` has been deprecated, and will no
longer be supported in a future version of dbt-core. If you wish to write dbt
artifacts to a custom directory, please use the --target-path CLI flag or
DBT_TARGET_PATH env var instead.
[0m15:56:58.659373 [debug] [MainThread]: Sending event: {'category': 'dbt', 'action': 'deprecation', 'label': 'dd4e2aea-c845-4a15-8031-9f5d8db7a5f5', 'property_': 'warn', 'context': [<snowplow_tracker.self_describing_json.SelfDescribingJson object at 0xffffa87092e0>]}
[0m15:56:58.880631 [debug] [MainThread]: Sending event: {'category': 'dbt', 'action': 'project_id', 'label': 'dd4e2aea-c845-4a15-8031-9f5d8db7a5f5', 'context': [<snowplow_tracker.self_describing_json.SelfDescribingJson object at 0xffffabdb1b80>]}
[0m15:56:59.252166 [debug] [MainThread]: Sending event: {'category': 'dbt', 'action': 'adapter_info', 'label': 'dd4e2aea-c845-4a15-8031-9f5d8db7a5f5', 'context': [<snowplow_tracker.self_describing_json.SelfDescribingJson object at 0xffffa8708320>]}
[0m15:56:59.286849 [info ] [MainThread]: Registered adapter: postgres=1.9.0
[0m15:56:59.744655 [debug] [MainThread]: checksum: 4b36912b5a065d7176771ed2b61a3a5a7fc50891988c2c27a9a0397379b06a23, vars: {}, profile: shop, target: dev, version: 1.12.3
[0m15:56:59.753621 [info ] [MainThread]: Unable to do partial parsing because saved manifest not found. Starting full parse.
[0m15:56:59.756509 [debug] [MainThread]: Sending event: {'category': 'dbt', 'action': 'partial_parser', 'label': 'dd4e2aea-c845-4a15-8031-9f5d8db7a5f5', 'context': [<snowplow_tracker.self_describing_json.SelfDescribingJson object at 0xffffa74ab5c0>]}
[0m15:57:06.472434 [debug] [MainThread]: Sending event: {'category': 'dbt', 'action': 'load_project', 'label': 'dd4e2aea-c845-4a15-8031-9f5d8db7a5f5', 'context': [<snowplow_tracker.self_describing_json.SelfDescribingJson object at 0xffffa5b6bce0>]}
[0m15:57:06.771840 [debug] [MainThread]: Wrote artifact WritableManifest to /tmp/dbt_target/manifest.json
[0m15:57:06.816454 [debug] [MainThread]: Wrote artifact SemanticManifest to /tmp/dbt_target/semantic_manifest.json
[0m15:57:06.886230 [debug] [MainThread]: Wrote artifact OsiDocument to /tmp/dbt_target/osi_document.json
[0m15:57:06.945258 [debug] [MainThread]: Sending event: {'category': 'dbt', 'action': 'resource_counts', 'label': 'dd4e2aea-c845-4a15-8031-9f5d8db7a5f5', 'context': [<snowplow_tracker.self_describing_json.SelfDescribingJson object at 0xffffa5af4c50>]}
[0m15:57:06.948564 [info ] [MainThread]: Found 3 models, 4 data tests, 2 sources, 1 exposure, 476 macros
[0m15:57:06.949849 [debug] [MainThread]: Sending event: {'category': 'dbt', 'action': 'runnable_timing', 'label': 'dd4e2aea-c845-4a15-8031-9f5d8db7a5f5', 'context': [<snowplow_tracker.self_describing_json.SelfDescribingJson object at 0xffffa5d1d130>]}
[0m15:57:06.957991 [info ] [MainThread]: 
[0m15:57:06.959466 [info ] [MainThread]: Concurrency: 4 threads (target='dev')
[0m15:57:06.960380 [info ] [MainThread]: 
[0m15:57:06.962382 [debug] [MainThread]: Acquiring new postgres connection 'master'
[0m15:57:06.967883 [debug] [ThreadPool]: Acquiring new postgres connection 'list_analytics'
[0m15:57:07.103194 [debug] [ThreadPool]: Using postgres connection "list_analytics"
[0m15:57:07.104958 [debug] [ThreadPool]: On list_analytics: /* {"app": "dbt", "dbt_version": "1.12.3", "profile_name": "shop", "target_name": "dev", "connection_name": "list_analytics"} */

    select distinct nspname from pg_namespace
  
[0m15:57:07.105896 [debug] [ThreadPool]: Opening a new connection, currently in state init
[0m15:57:07.156965 [debug] [ThreadPool]: SQL status: SELECT 9 in 0.051 seconds
[0m15:57:07.169909 [debug] [ThreadPool]: On list_analytics: Close
[0m15:57:07.191177 [debug] [ThreadPool]: Re-using an available connection from the pool (formerly list_analytics, now list_analytics_marts)
[0m15:57:07.193000 [debug] [ThreadPool]: Acquiring new postgres connection 'list_analytics_staging'
[0m15:57:07.212760 [debug] [ThreadPool]: Using postgres connection "list_analytics_marts"
[0m15:57:07.220432 [debug] [ThreadPool]: On list_analytics_marts: BEGIN
[0m15:57:07.221950 [debug] [ThreadPool]: Using postgres connection "list_analytics_staging"
[0m15:57:07.222698 [debug] [ThreadPool]: Opening a new connection, currently in state closed
[0m15:57:07.227236 [debug] [ThreadPool]: On list_analytics_staging: BEGIN
[0m15:57:07.232617 [debug] [ThreadPool]: Opening a new connection, currently in state init
[0m15:57:07.248973 [debug] [ThreadPool]: SQL status: BEGIN in 0.026 seconds
[0m15:57:07.250912 [debug] [ThreadPool]: Using postgres connection "list_analytics_marts"
[0m15:57:07.252947 [debug] [ThreadPool]: On list_analytics_marts: /* {"app": "dbt", "dbt_version": "1.12.3", "profile_name": "shop", "target_name": "dev", "connection_name": "list_analytics_marts"} */
select
      'analytics' as database,
      tablename as name,
      schemaname as schema,
      'table' as type
    from pg_tables
    where schemaname ilike 'marts'
    union all
    select
      'analytics' as database,
      viewname as name,
      schemaname as schema,
      'view' as type
    from pg_views
    where schemaname ilike 'marts'
    union all
    select
      'analytics' as database,
      matviewname as name,
      schemaname as schema,
      'materialized_view' as type
    from pg_matviews
    where schemaname ilike 'marts'
  
[0m15:57:07.255127 [debug] [ThreadPool]: SQL status: BEGIN in 0.023 seconds
[0m15:57:07.261402 [debug] [ThreadPool]: Using postgres connection "list_analytics_staging"
[0m15:57:07.263215 [debug] [ThreadPool]: On list_analytics_staging: /* {"app": "dbt", "dbt_version": "1.12.3", "profile_name": "shop", "target_name": "dev", "connection_name": "list_analytics_staging"} */
select
      'analytics' as database,
      tablename as name,
      schemaname as schema,
      'table' as type
    from pg_tables
    where schemaname ilike 'staging'
    union all
    select
      'analytics' as database,
      viewname as name,
      schemaname as schema,
      'view' as type
    from pg_views
    where schemaname ilike 'staging'
    union all
    select
      'analytics' as database,
      matviewname as name,
      schemaname as schema,
      'materialized_view' as type
    from pg_matviews
    where schemaname ilike 'staging'
  
[0m15:57:07.266471 [debug] [ThreadPool]: SQL status: SELECT 0 in 0.008 seconds
[0m15:57:07.271956 [debug] [ThreadPool]: On list_analytics_marts: ROLLBACK
[0m15:57:07.273486 [debug] [ThreadPool]: On list_analytics_marts: Close
[0m15:57:07.275222 [debug] [ThreadPool]: SQL status: SELECT 1 in 0.010 seconds
[0m15:57:07.280993 [debug] [ThreadPool]: On list_analytics_staging: ROLLBACK
[0m15:57:07.283078 [debug] [ThreadPool]: On list_analytics_staging: Close
[0m15:57:07.296897 [debug] [MainThread]: Using postgres connection "master"
[0m15:57:07.298594 [debug] [MainThread]: On master: BEGIN
[0m15:57:07.300991 [debug] [MainThread]: Opening a new connection, currently in state init
[0m15:57:07.318323 [debug] [MainThread]: SQL status: BEGIN in 0.018 seconds
[0m15:57:07.319391 [debug] [MainThread]: Using postgres connection "master"
[0m15:57:07.320623 [debug] [MainThread]: On master: /* {"app": "dbt", "dbt_version": "1.12.3", "profile_name": "shop", "target_name": "dev", "connection_name": "master"} */
with relation as (
        select
            pg_rewrite.ev_class as class,
            pg_rewrite.oid as id
        from pg_rewrite
    ),
    class as (
        select
            oid as id,
            relname as name,
            relnamespace as schema,
            relkind as kind
        from pg_class
    ),
    dependency as (
        select distinct
            pg_depend.objid as id,
            pg_depend.refobjid as ref
        from pg_depend
    ),
    schema as (
        select
            pg_namespace.oid as id,
            pg_namespace.nspname as name
        from pg_namespace
        where nspname != 'information_schema' and nspname not like 'pg\_%'
    ),
    referenced as (
        select
            relation.id AS id,
            referenced_class.name ,
            referenced_class.schema ,
            referenced_class.kind
        from relation
        join class as referenced_class on relation.class=referenced_class.id
        where referenced_class.kind in ('r', 'v', 'm')
    ),
    relationships as (
        select
            referenced.name as referenced_name,
            referenced.schema as referenced_schema_id,
            dependent_class.name as dependent_name,
            dependent_class.schema as dependent_schema_id,
            referenced.kind as kind
        from referenced
        join dependency on referenced.id=dependency.id
        join class as dependent_class on dependency.ref=dependent_class.id
        where
            (referenced.name != dependent_class.name or
             referenced.schema != dependent_class.schema)
    )

    select
        referenced_schema.name as referenced_schema,
        relationships.referenced_name as referenced_name,
        dependent_schema.name as dependent_schema,
        relationships.dependent_name as dependent_name
    from relationships
    join schema as dependent_schema on relationships.dependent_schema_id=dependent_schema.id
    join schema as referenced_schema on relationships.referenced_schema_id=referenced_schema.id
    group by referenced_schema, referenced_name, dependent_schema, dependent_name
    order by referenced_schema, referenced_name, dependent_schema, dependent_name;
[0m15:57:07.342223 [debug] [MainThread]: SQL status: SELECT 2 in 0.020 seconds
[0m15:57:07.345571 [debug] [MainThread]: Sending event: {'category': 'dbt', 'action': 'runnable_timing', 'label': 'dd4e2aea-c845-4a15-8031-9f5d8db7a5f5', 'context': [<snowplow_tracker.self_describing_json.SelfDescribingJson object at 0xffffa73f5a00>]}
[0m15:57:07.347322 [debug] [MainThread]: On master: ROLLBACK
[0m15:57:07.348821 [debug] [MainThread]: Using postgres connection "master"
[0m15:57:07.350743 [debug] [MainThread]: On master: BEGIN
[0m15:57:07.352351 [debug] [MainThread]: SQL status: BEGIN in 0.001 seconds
[0m15:57:07.353428 [debug] [MainThread]: On master: COMMIT
[0m15:57:07.354242 [debug] [MainThread]: Using postgres connection "master"
[0m15:57:07.356053 [debug] [MainThread]: On master: COMMIT
[0m15:57:07.361495 [debug] [MainThread]: SQL status: COMMIT in 0.000 seconds
[0m15:57:07.363798 [debug] [MainThread]: On master: Close
[0m15:57:07.379022 [debug] [Thread-1 (]: Began running node model.shop.dim_customer
[0m15:57:07.380825 [info ] [Thread-1 (]: 1 of 1 START sql table model marts.dim_customer ................................ [RUN]
[0m15:57:07.382266 [debug] [Thread-1 (]: Re-using an available connection from the pool (formerly list_analytics_staging, now model.shop.dim_customer)
[0m15:57:07.383544 [debug] [Thread-1 (]: Began compiling node model.shop.dim_customer
[0m15:57:07.396834 [debug] [Thread-1 (]: Writing injected SQL for node "model.shop.dim_customer"
[0m15:57:07.400217 [debug] [Thread-1 (]: Began executing node model.shop.dim_customer
[0m15:57:07.485215 [debug] [Thread-1 (]: Writing runtime sql for node "model.shop.dim_customer"
[0m15:57:07.487725 [debug] [Thread-1 (]: Using postgres connection "model.shop.dim_customer"
[0m15:57:07.488629 [debug] [Thread-1 (]: On model.shop.dim_customer: BEGIN
[0m15:57:07.489606 [debug] [Thread-1 (]: Opening a new connection, currently in state closed
[0m15:57:07.506410 [debug] [Thread-1 (]: SQL status: BEGIN in 0.017 seconds
[0m15:57:07.507470 [debug] [Thread-1 (]: Using postgres connection "model.shop.dim_customer"
[0m15:57:07.508073 [debug] [Thread-1 (]: On model.shop.dim_customer: /* {"app": "dbt", "dbt_version": "1.12.3", "profile_name": "shop", "target_name": "dev", "node_id": "model.shop.dim_customer"} */

  
    

  create  table "analytics"."marts"."dim_customer__dbt_tmp"
  
  
    as
  
  (
    SELECT
    a.customer_id,
    a.name,
    COUNT(u.user_id) AS user_count
FROM "analytics"."staging"."stg_accounts" a
LEFT JOIN "analytics"."staging"."stg_users" u ON u.account_id = a.customer_id
GROUP BY 1, 2
  );
  
[0m15:57:07.509575 [debug] [Thread-1 (]: Postgres adapter: Postgres error: relation "staging.stg_accounts" does not exist
LINE 16: FROM "analytics"."staging"."stg_accounts" a
              ^

[0m15:57:07.510376 [debug] [Thread-1 (]: On model.shop.dim_customer: ROLLBACK
[0m15:57:07.511624 [debug] [Thread-1 (]: On model.shop.dim_customer: Close
[0m15:57:07.525945 [debug] [Thread-1 (]: Database Error in model dim_customer (models/marts/dim_customer.sql)
  relation "staging.stg_accounts" does not exist
  LINE 16: FROM "analytics"."staging"."stg_accounts" a
                ^
  compiled code at /tmp/dbt_target/run/shop/models/marts/dim_customer.sql
[0m15:57:07.529157 [debug] [Thread-1 (]: Sending event: {'category': 'dbt', 'action': 'run_model', 'label': 'dd4e2aea-c845-4a15-8031-9f5d8db7a5f5', 'context': [<snowplow_tracker.self_describing_json.SelfDescribingJson object at 0xffffa4f942c0>]}
[0m15:57:07.531142 [error] [Thread-1 (]: 1 of 1 ERROR creating sql table model marts.dim_customer ....................... [[31mERROR[0m in 0.14s]
[0m15:57:07.532832 [debug] [Thread-1 (]: Finished running node model.shop.dim_customer
[0m15:57:07.533991 [debug] [Thread-7 (]: Marking all children of 'model.shop.dim_customer' to be skipped because of status 'error'.  Reason: Database Error in model dim_customer (models/marts/dim_customer.sql)
  relation "staging.stg_accounts" does not exist
  LINE 16: FROM "analytics"."staging"."stg_accounts" a
                ^
  compiled code at /tmp/dbt_target/run/shop/models/marts/dim_customer.sql.
[0m15:57:07.538320 [debug] [MainThread]: Using postgres connection "master"
[0m15:57:07.539084 [debug] [MainThread]: On master: BEGIN
[0m15:57:07.539745 [debug] [MainThread]: Opening a new connection, currently in state closed
[0m15:57:07.554492 [debug] [MainThread]: SQL status: BEGIN in 0.014 seconds
[0m15:57:07.555422 [debug] [MainThread]: On master: COMMIT
[0m15:57:07.555936 [debug] [MainThread]: Using postgres connection "master"
[0m15:57:07.556530 [debug] [MainThread]: On master: COMMIT
[0m15:57:07.558259 [debug] [MainThread]: SQL status: COMMIT in 0.000 seconds
[0m15:57:07.559099 [debug] [MainThread]: On master: Close
[0m15:57:07.560179 [debug] [MainThread]: Connection 'master' was properly closed.
[0m15:57:07.561128 [debug] [MainThread]: Connection 'list_analytics_marts' was properly closed.
[0m15:57:07.561871 [debug] [MainThread]: Connection 'model.shop.dim_customer' was properly closed.
[0m15:57:07.562626 [info ] [MainThread]: 
[0m15:57:07.563434 [info ] [MainThread]: Finished running 1 table model in 0 hours 0 minutes and 0.60 seconds (0.60s).
[0m15:57:07.564818 [debug] [MainThread]: Command end result
[0m15:57:07.628242 [debug] [MainThread]: Wrote artifact WritableManifest to /tmp/dbt_target/manifest.json
[0m15:57:07.642919 [debug] [MainThread]: Wrote artifact SemanticManifest to /tmp/dbt_target/semantic_manifest.json
[0m15:57:07.651707 [debug] [MainThread]: Wrote artifact OsiDocument to /tmp/dbt_target/osi_document.json
[0m15:57:07.679634 [debug] [MainThread]: Wrote artifact RunExecutionResult to /tmp/dbt_target/run_results.json
[0m15:57:07.681480 [info ] [MainThread]: 
[0m15:57:07.683609 [info ] [MainThread]: [31mCompleted with 1 error, 0 partial successes, and 0 warnings:[0m
[0m15:57:07.685506 [info ] [MainThread]: 
[0m15:57:07.687614 [error] [MainThread]: [[31mERROR[0m]: in model dim_customer (models/marts/dim_customer.sql)
[0m15:57:07.691207 [error] [MainThread]:   Database Error in model dim_customer (models/marts/dim_customer.sql)
  relation "staging.stg_accounts" does not exist
  LINE 16: FROM "analytics"."staging"."stg_accounts" a
                ^
  compiled code at /tmp/dbt_target/run/shop/models/marts/dim_customer.sql
[0m15:57:07.704422 [info ] [MainThread]: 
[0m15:57:07.706221 [info ] [MainThread]:   compiled code at /tmp/dbt_target/compiled/shop/models/marts/dim_customer.sql
[0m15:57:07.707293 [info ] [MainThread]: 
[0m15:57:07.709579 [info ] [MainThread]: Done. PASS=0 WARN=0 ERROR=1 SKIP=0 NO-OP=0 REUSED=0 TOTAL=1
[0m15:57:07.712202 [warn ] [MainThread]: [[33mWARNING[0m][DeprecationsSummary]: Deprecated functionality
Summary of encountered deprecations:
- ConfigTargetPathDeprecation: 1 occurrence
To see all deprecation instances instead of just the first occurrence of each,
run command again with the `--show-all-deprecations` flag. You may also need to
run with `--no-partial-parse` as some deprecations are only encountered during
parsing.
[0m15:57:07.715894 [debug] [MainThread]: Resource report: {"command_name": "run", "command_success": false, "command_wall_clock_time": 9.425125, "process_in_blocks": "2648", "process_kernel_time": 3.490923, "process_mem_max_rss": "145636", "process_out_blocks": "3296", "process_user_time": 16.419748}
[0m15:57:07.717528 [debug] [MainThread]: Command `dbt run` failed at 15:57:07.717269 after 9.43 seconds
[0m15:57:07.718860 [debug] [MainThread]: Sending event: {'category': 'dbt', 'action': 'invocation', 'label': 'end', 'context': [<snowplow_tracker.self_describing_json.SelfDescribingJson object at 0xffffa87f8440>, <snowplow_tracker.self_describing_json.SelfDescribingJson object at 0xffffa9ab98e0>, <snowplow_tracker.self_describing_json.SelfDescribingJson object at 0xffffa9aba660>]}
[0m15:57:07.719948 [debug] [MainThread]: Flushing usage events
[0m15:57:09.260381 [debug] [MainThread]: An error was encountered while trying to flush usage events
